Date,P,Temp,E,Q
1/1/2005,0,-6.8,0,3.17
1/2/2005,0,-8.1,0,2.59
1/3/2005,0,-11.1,0,2.41
1/4/2005,0,-8.3,0,2.41
1/5/2005,0.3,0.2,0.2,2.41
1/6/2005,0.3,5,0.4,2.59
1/7/2005,0.5,5.6,0.5,3.38
1/8/2005,1.1,5,0.4,3.27
1/9/2005,0,5,0.4,2.78
1/10/2005,0,7.5,0.5,2.59
1/11/2005,0,11.2,0.7,2.59
1/12/2005,4.1,8.9,0.6,2.78
1/13/2005,3.2,9.3,0.6,2.97
1/14/2005,1.4,7.6,0.6,2.97
1/15/2005,0,6.8,0.5,3.17
1/16/2005,0,6,0.5,2.59
1/17/2005,0,5.7,0.5,2.32
1/18/2005,0.1,3.1,0.4,2.59
1/19/2005,0,4.5,0.5,2.06
1/20/2005,0,3.9,0.4,2.23
1/21/2005,0,4.6,0.5,2.41
1/22/2005,0,4.4,0.5,2.41
1/23/2005,0.3,7.2,0.6,1.98
1/24/2005,3.3,7.2,0.6,2.06
1/25/2005,4.1,4.8,0.5,2.06
1/26/2005,6.2,0.4,0.3,2.41
1/27/2005,6.5,3.9,0.5,2.97
1/28/2005,0,5.4,0.6,4.04
1/29/2005,0,2.3,0.4,3.59
1/30/2005,0,1,0.3,2.78
1/31/2005,0,2.6,0.4,2.59
2/1/2005,0,1.9,0.4,3.15
2/2/2005,0,-0.4,0.3,3.7
2/3/2005,0,-0.7,0.2,2.59
2/4/2005,0,2.6,0.5,2.78
2/5/2005,0,2.7,0.5,2.87
2/6/2005,0,2,0.4,2.23
2/7/2005,0,1.6,0.4,2.23
2/8/2005,0,1.6,0.4,2.23
2/9/2005,0,3.5,0.5,2.23
2/10/2005,0,4.3,0.6,2.23
2/11/2005,0,3.2,0.5,2.06
2/12/2005,0,3.4,0.6,2.06
2/13/2005,0,2.9,0.5,1.9
2/14/2005,0,3.1,0.5,1.9
2/15/2005,0,1.2,0.4,1.9
2/16/2005,0.1,-0.9,0.3,1.9
2/17/2005,2.2,0.3,0.4,1.98
2/18/2005,0,2.2,0.5,1.98
2/19/2005,0.7,1.5,0.5,1.98
2/20/2005,0.8,1.4,0.5,1.9
2/21/2005,4.8,-0.2,0.4,1.98
2/22/2005,1.6,-1.9,0.2,2.23
2/23/2005,0.5,-3.5,0.1,1.9
2/24/2005,0,-6.6,0,1.74
2/25/2005,0,-6.2,0,2.14
2/26/2005,1.3,-2.2,0.2,2.3
2/27/2005,3.7,-0.2,0.4,1.9
2/28/2005,0.8,-3.3,0.2,1.82
3/1/2005,0.2,-3.4,0.1,1.74
3/2/2005,0.3,-1.6,0.3,1.74
3/3/2005,0,0.4,0.5,1.74
3/4/2005,0,-1.5,0.3,1.9
3/5/2005,0,-3.2,0.2,2.06
3/6/2005,0.1,-1.5,0.3,1.9
3/7/2005,0,3,0.7,1.74
3/8/2005,0,0.5,0.5,1.9
3/9/2005,0,4,0.8,1.98
3/10/2005,0,4.6,0.9,1.74
3/11/2005,0,5.6,1,1.74
3/12/2005,0,6.1,1.1,1.9
3/13/2005,0,6.9,1.2,1.59
3/14/2005,0,7.8,1.3,1.9
3/15/2005,0,8.2,1.3,1.67
3/16/2005,0,9.4,1.4,1.59
3/17/2005,0,9.9,1.5,1.45
3/18/2005,0,10.1,1.6,1.31
3/19/2005,0,8.2,1.4,1.31
3/20/2005,1.4,11.3,1.7,1.45
3/21/2005,6.6,9.8,1.6,1.45
3/22/2005,4.3,9.9,1.6,1.74
3/23/2005,2.6,6.4,1.2,1.74
3/24/2005,0.1,4.5,1,1.59
3/25/2005,0,2,0.8,1.45
3/26/2005,0,0,0.6,1.38
3/27/2005,0,0.2,0.6,1.45
3/28/2005,0,0.6,0.6,1.38
3/29/2005,0,2.1,0.8,1.31
3/30/2005,0,7.7,1.5,1.31
3/31/2005,0,12.3,2.1,1.31
4/1/2005,7.1,6.2,1.4,1.31
4/2/2005,0.1,3.3,1,1.59
4/3/2005,3,4.6,1.2,1.45
4/4/2005,0.5,5.5,1.3,1.18
4/5/2005,12.1,5.9,1.4,1.31
4/6/2005,13.3,10.2,1.9,1.9
4/7/2005,8.7,10.7,2,4.25
4/8/2005,0.6,9.9,1.9,5.95
4/9/2005,2,10.6,2,4.67
4/10/2005,3.6,8.7,1.8,4.89
4/11/2005,4.4,4.8,1.3,4.63
4/12/2005,4.3,5.6,1.4,4.9
4/13/2005,0.8,6.4,1.5,5.2
4/14/2005,2.2,7.1,1.6,4.22
4/15/2005,4.9,7.1,1.6,4.27
4/16/2005,0.1,6.4,1.6,5.35
4/17/2005,0,7.3,1.7,4.75
4/18/2005,0,9.1,2,4.16
4/19/2005,0,11.3,2.3,3.7
4/20/2005,0,14.7,2.8,3.61
4/21/2005,0,14.6,2.8,2.78
4/22/2005,4.4,10,2.2,3.49
4/23/2005,0.3,13,2.6,3.51
4/24/2005,11.4,10.9,2.3,2.68
4/25/2005,2.3,7.9,1.9,3.49
4/26/2005,3.3,9.5,2.1,3.27
4/27/2005,0,11.2,2.4,2.87
4/28/2005,0.1,12.6,2.6,2.87
4/29/2005,1.1,11.3,2.4,2.23
4/30/2005,0.1,11.4,2.5,2.23
5/1/2005,2.1,11.3,2.5,2.14
5/2/2005,9.1,9.7,2.2,2.41
5/3/2005,0.1,10.6,2.4,3.07
5/4/2005,0,9.9,2.3,2.41
5/5/2005,0,11.8,2.6,2.41
5/6/2005,0,9.1,2.2,2.06
5/7/2005,2.1,8.1,2,2.06
5/8/2005,3.8,10.2,2.4,1.9
5/9/2005,0.7,11.9,2.7,1.9
5/10/2005,5.9,14.3,3.1,2.06
5/11/2005,2.7,14.5,3.1,1.9
5/12/2005,4.8,12.6,2.8,2.06
5/13/2005,3.4,11.6,2.6,2.06
5/14/2005,1.8,12.7,2.9,1.9
5/15/2005,0.6,11.3,2.6,1.74
5/16/2005,0,12.6,2.9,1.9
5/17/2005,0,15.8,3.4,1.74
5/18/2005,0.6,14.3,3.2,1.31
5/19/2005,26.3,11.8,2.8,1.31
5/20/2005,0,11.4,2.7,4.34
5/21/2005,0,9.9,2.5,2.59
5/22/2005,0,12.5,2.9,1.74
5/23/2005,0,16.2,3.5,1.74
5/24/2005,0,18.1,3.9,1.59
5/25/2005,0,20.7,4.3,1.31
5/26/2005,4.8,16.8,3.7,1.31
5/27/2005,11,14,3.2,1.6
5/28/2005,3.3,11.9,2.9,2.5
5/29/2005,1.1,15.6,3.5,1.74
5/30/2005,3.8,13,3.1,1.59
5/31/2005,0,13,3.1,1.31
6/1/2005,13.3,16.3,3.7,1.06
6/2/2005,0.7,13.4,3.2,2.23
6/3/2005,0.3,11.4,2.8,2.15
6/4/2005,0,14.6,3.4,1.45
6/5/2005,0,17.3,3.9,1.31
6/6/2005,0,21,4.5,1.45
6/7/2005,0,21.5,4.6,1.31
6/8/2005,0.1,21,4.5,1.06
6/9/2005,0,21.5,4.6,0.83
6/10/2005,15.1,17.2,3.8,0.725
6/11/2005,1.5,13.1,3.1,1.06
6/12/2005,8.5,10.9,2.8,1.45
6/13/2005,14.8,10.7,2.7,2.06
6/14/2005,17.9,11.9,2.9,2.59
6/15/2005,0.8,14.2,3.4,7
6/16/2005,0,17,3.8,4.05
6/17/2005,0,15,3.5,2.87
6/18/2005,0,17.8,4,2.66
6/19/2005,18.6,22,4.7,1.98
6/20/2005,4.6,18.8,4.1,5.65
6/21/2005,10.7,17.6,3.9,3.87
6/22/2005,8.4,16.8,3.8,4.73
6/23/2005,0.2,15,3.5,4.75
6/24/2005,0,14.4,3.4,3.66
6/25/2005,0,14.4,3.4,3.36
6/26/2005,0,16.9,3.8,2.47
6/27/2005,0,18.1,4,2.77
6/28/2005,1,18.2,4,1.37
6/29/2005,14.2,16.4,3.7,2.4
6/30/2005,2.1,16.4,3.7,3.52
7/1/2005,2.3,15.6,3.6,3.02
7/2/2005,1.6,17.1,3.8,2.62
7/3/2005,0.1,18.4,4,1.89
7/4/2005,0,20.2,4.4,1.89
7/5/2005,13.6,20.2,4.4,1.71
7/6/2005,0,12.7,3.1,5.85
7/7/2005,0,14.7,3.4,3.33
7/8/2005,0,16.2,3.6,2.59
7/9/2005,24.3,19.2,4.2,2.16
7/10/2005,1.9,12,2.9,4.26
7/11/2005,5.5,10.6,2.7,3.89
7/12/2005,0.4,11.1,2.8,2.66
7/13/2005,0,13.7,3.2,2.81
7/14/2005,0,17.3,3.8,2.19
7/15/2005,0,20.6,4.3,1.98
7/16/2005,0,22.5,4.7,1.71
7/17/2005,0.2,20,4.2,1.55
7/18/2005,0,18.8,4,1.39
7/19/2005,2.8,15.2,3.4,1.25
7/20/2005,10.8,12.6,3,1.39
7/21/2005,1.9,13.1,3,1.71
7/22/2005,0,14.6,3.3,1.71
7/23/2005,0,15.9,3.5,1.39
7/24/2005,0.4,19.3,4,1.25
7/25/2005,0,17.1,3.6,1.25
7/26/2005,0,14,3.1,1.11
7/27/2005,0,17,3.6,1.25
7/28/2005,0,21.3,4.3,0.975
7/29/2005,0,23.3,4.6,0.975
7/30/2005,16.6,20.6,4.1,0.735
7/31/2005,0.1,14.3,3.1,0.975
8/1/2005,0,16.6,3.4,1.25
8/2/2005,0.6,20.1,4,1.25
8/3/2005,0.2,19.3,3.8,0.975
8/4/2005,0.5,20.1,4,0.735
8/5/2005,1.1,20.7,4,0.63
8/6/2005,0,17.4,3.5,0.63
8/7/2005,0,18,3.6,0.68
8/8/2005,0.5,18.8,3.7,0.63
8/9/2005,2.3,17.1,3.4,0.53
8/10/2005,5.8,16.5,3.3,0.53
8/11/2005,0,17,3.3,0.44
8/12/2005,0,19.6,3.7,0.975
8/13/2005,0,19.4,3.6,0.975
8/14/2005,1.7,21.2,3.9,0.735
8/15/2005,0,18.2,3.4,0.735
8/16/2005,0,20.4,3.8,0.53
8/17/2005,0,21.8,3.9,0.735
8/18/2005,0,22,3.9,0.63
8/19/2005,0,20.4,3.7,0.63
8/20/2005,0,20.5,3.7,0.63
8/21/2005,0,22.7,3.9,0.53
8/22/2005,3.5,21.4,3.7,0.53
8/23/2005,2.6,16.3,3,0.53
8/24/2005,6.6,10.8,2.2,0.44
8/25/2005,0,11.9,2.3,0.53
8/26/2005,2.1,14.5,2.7,0.735
8/27/2005,7,14.3,2.6,0.735
8/28/2005,0,10.5,2.1,0.795
8/29/2005,0,12,2.3,0.735
8/30/2005,0,12.8,2.4,0.735
8/31/2005,0,13,2.4,0.63
9/1/2005,0,12.6,2.3,0.63
9/2/2005,0,13.2,2.4,0.53
9/3/2005,0.8,13.8,2.4,0.53
9/4/2005,0.4,11.4,2.1,0.44
9/5/2005,0,9.7,1.9,0.358
9/6/2005,0,12.2,2.1,0.358
9/7/2005,8,15.4,2.5,0.25
9/8/2005,8.9,16.4,2.6,0.358
9/9/2005,2.9,15.7,2.5,0.53
9/10/2005,1.2,13.6,2.2,0.735
9/11/2005,5.9,13.3,2.2,0.795
9/12/2005,21.3,13.9,2.2,0.735
9/13/2005,0.7,12.2,2,0.63
9/14/2005,3.9,11.6,1.9,1.91
9/15/2005,0.3,13.3,2.1,1.32
9/16/2005,2.8,12.3,2,1.25
9/17/2005,0.1,12.8,2,0.91
9/18/2005,0.2,14.2,2.1,0.85
9/19/2005,0,16.7,2.4,0.91
9/20/2005,0,19.2,2.6,0.975
9/21/2005,0.5,17,2.4,0.63
9/22/2005,37.4,12.6,1.9,0.85
9/23/2005,25.6,11.4,1.7,1.96
9/24/2005,32.8,10.9,1.7,3.44
9/25/2005,13.3,8.1,1.4,8.5
9/26/2005,2.6,7.8,1.3,19.9
9/27/2005,5.9,7.6,1.3,16.8
9/28/2005,1,7.6,1.3,12
9/29/2005,1.3,8.9,1.4,11.8
9/30/2005,4.3,9.4,1.4,8.7
10/1/2005,6.3,11.4,1.6,7.75
10/2/2005,3.3,9.3,1.4,7.2
10/3/2005,3.4,8.9,1.3,7
10/4/2005,2.5,12,1.6,5.6
10/5/2005,22.7,13.9,1.7,5.65
10/6/2005,1.3,10.1,1.4,18.3
10/7/2005,6.7,10.1,1.4,9.9
10/8/2005,3.8,9.2,1.3,15.3
10/9/2005,0,8.5,1.2,10.8
10/10/2005,0.4,13.7,1.6,8.35
10/11/2005,20.6,17.4,1.9,7.95
10/12/2005,4.6,12.3,1.5,11.6
10/13/2005,14.9,12.6,1.5,15.2
10/14/2005,1.2,10.8,1.3,17.3
10/15/2005,6.6,8.3,1.1,16.3
10/16/2005,4.5,7.5,1,12.3
10/17/2005,2.4,9.4,1.1,13
10/18/2005,0.5,9,1.1,11.2
10/19/2005,0,9.2,1.1,13.2
10/20/2005,1,8.1,1,8.35
10/21/2005,10.1,3.4,0.6,8.5
10/22/2005,5.7,3.2,0.6,9.5
10/23/2005,4.4,3.1,0.6,9.7
10/24/2005,5.6,3.2,0.6,9.1
10/25/2005,0,3.5,0.6,16.5
10/26/2005,0,3.3,0.6,9.5
10/27/2005,0,3.6,0.6,12.4
10/28/2005,0,5.6,0.7,8.95
10/29/2005,0,8.2,0.9,11.7
10/30/2005,0,6.8,0.8,5.6
10/31/2005,0.1,6,0.7,4.59
11/1/2005,0.9,8.5,0.9,4.58
11/2/2005,0.5,11.7,1,4.58
11/3/2005,0.1,12.5,1.1,6.65
11/4/2005,0,11,1,4.55
11/5/2005,0,8.6,0.8,5.7
11/6/2005,0.5,5,0.6,4.5
11/7/2005,2.2,3.9,0.5,2.66
11/8/2005,4.6,4.7,0.6,3.7
11/9/2005,0.3,5.3,0.6,4.58
11/10/2005,3.5,5.6,0.6,4.58
11/11/2005,3.9,5.4,0.6,4.31
11/12/2005,0.2,3.6,0.5,7.35
11/13/2005,0.2,4.1,0.5,4.29
11/14/2005,0.4,8.1,0.7,2.45
11/15/2005,0.5,2.3,0.4,3.12
11/16/2005,0,0.5,0.3,3.32
11/17/2005,0,-1.8,0.1,3.21
11/18/2005,0.6,-1.6,0.2,3.32
11/19/2005,0,-1.9,0.2,3.09
11/20/2005,0,-4.6,0,2.87
11/21/2005,0,-5.3,0,0.735
11/22/2005,0,-6.6,0,0.975
11/23/2005,0.2,-5.6,0,1.71
11/24/2005,0.6,1.9,0.3,3.09
11/25/2005,0,4.3,0.4,2.87
11/26/2005,0,-0.1,0.2,2.76
11/27/2005,0,-2.7,0.1,2.66
11/28/2005,0,-2.8,0.1,2.26
11/29/2005,0,-4.9,0,2.26
11/30/2005,18.8,-0.4,0.2,2.84
12/1/2005,0.9,2,0.3,8.1
12/2/2005,2.5,4.6,0.4,4.07
12/3/2005,0,5.1,0.4,4.33
12/4/2005,0.6,7.3,0.5,3.23
12/5/2005,0,3.4,0.4,3.35
12/6/2005,0.5,0.5,0.2,3.96
12/7/2005,7.8,4,0.4,5.3
12/8/2005,2.9,8.7,0.6,5.95
12/9/2005,1.3,8.8,0.6,4.31
12/10/2005,9.6,9.5,0.6,7.2
12/11/2005,0.7,3.7,0.4,5.5
12/12/2005,0,4.5,0.4,7.75
12/13/2005,3.2,7.8,0.5,7.75
12/14/2005,2.6,3.4,0.4,6.85
12/15/2005,8.4,3.2,0.4,10.2
12/16/2005,1,4.2,0.4,7.05
12/17/2005,0.3,6.1,0.4,7.6
12/18/2005,0.3,6.4,0.5,5.15
12/19/2005,4.6,9.9,0.6,6.15
12/20/2005,2.2,13,0.7,7.9
12/21/2005,1.2,5.9,0.5,6.85
12/22/2005,4.9,3.1,0.3,6.3
12/23/2005,7.7,4.3,0.4,7.2
12/24/2005,5,0.7,0.3,9.45
12/25/2005,11.7,-0.6,0.2,9.1
12/26/2005,0.8,-2,0.1,9.45
12/27/2005,0.7,-2.3,0.1,9.1
12/28/2005,0.4,-1.1,0.2,8.9
12/29/2005,1.7,4.2,0.4,12
12/30/2005,0.8,8.3,0.5,10.3
12/31/2005,20.3,8,0.6,11.2
1/1/2006,6.8,1.9,0.3,20.631
1/2/2006,12.4,6.7,0.5,22.613
1/3/2006,6.9,8.5,0.6,28.868
1/4/2006,2.1,5.3,0.4,28.559
1/5/2006,1.1,6.4,0.5,24.513
1/6/2006,20.3,6.7,0.5,20.707
1/7/2006,8.1,0.1,0.2,23.134
1/8/2006,0.4,-0.8,0.2,20.421
1/9/2006,0.3,2,0.3,19.268
1/10/2006,12.4,3.4,0.4,18.257
1/11/2006,1.3,3.6,0.4,21.229
1/12/2006,0.5,7.4,0.5,19.17
1/13/2006,7.3,9,0.6,18.135
1/14/2006,3.9,5.1,0.5,19.65
1/15/2006,4.2,3.4,0.4,18.166
1/16/2006,8.7,1.7,0.3,17.38
1/17/2006,1.3,-1.7,0.2,18.734
1/18/2006,0,-5.3,0,17.756
1/19/2006,0.1,-6.1,0,11.779
1/20/2006,0.1,-3.7,0.1,13.526
1/21/2006,0,-3,0.1,11.045
1/22/2006,0,-1.8,0.2,9.009
1/23/2006,6.5,1.8,0.4,7.815
1/24/2006,18.6,6.6,0.6,13.822
1/25/2006,6.9,8.2,0.7,30.326
1/26/2006,1.7,5.1,0.5,28.555
1/27/2006,4.3,5.9,0.6,24.3
1/28/2006,0.1,3.7,0.5,22.321
1/29/2006,0,1.7,0.3,18.733
1/30/2006,0.2,3.5,0.5,16.985
1/31/2006,0.1,2.3,0.4,15.16
2/1/2006,0,2.9,0.5,11.419
2/2/2006,1.2,7.2,0.7,11.228
2/3/2006,22.3,5.7,0.6,10.38
2/4/2006,12.1,1.6,0.4,17.725
2/5/2006,6.3,1.2,0.4,16.471
2/6/2006,0.6,2.1,0.4,19.297
2/7/2006,3.5,0.8,0.4,20.152
2/8/2006,0.4,1.4,0.4,16.774
2/9/2006,4.9,2.5,0.5,17.191
2/10/2006,1.4,2.9,0.5,16.078
2/11/2006,4.7,0.3,0.4,14.484
2/12/2006,0.2,-1.3,0.2,13.094
2/13/2006,2.3,-3,0.1,12.864
2/14/2006,0.5,-0.3,0.3,11.475
2/15/2006,0,2.5,0.5,14.304
2/16/2006,0,-0.7,0.3,12.222
2/17/2006,0,0.4,0.4,8.457
2/18/2006,5.6,2.3,0.5,10.251
2/19/2006,3.9,2.9,0.6,7.324
2/20/2006,6.2,4.6,0.7,7.563
2/21/2006,1.9,4.9,0.7,10.329
2/22/2006,0,7.2,0.9,8.919
2/23/2006,7.7,5.2,0.8,11.037
2/24/2006,3.1,6,0.9,8.743
2/25/2006,0.6,7.8,1,11.398
2/26/2006,0,9.9,1.2,8.845
2/27/2006,2.4,9.8,1.2,8.241
2/28/2006,6.9,7.4,1,9.138
3/1/2006,0.7,5.9,0.9,10.336
3/2/2006,5.7,5.9,0.9,7.636
3/3/2006,5.1,7.6,1.1,11.031
3/4/2006,0,5.5,0.9,8.987
3/5/2006,0.3,9.7,1.3,7.043
3/6/2006,0.7,6.5,1,6.274
3/7/2006,0,5,0.9,8.164
3/8/2006,0,7.9,1.2,6.861
3/9/2006,0,11.2,1.5,6.739
3/10/2006,0,9.5,1.4,5.329
3/11/2006,0.5,9.2,1.3,8.821
3/12/2006,5.8,6.7,1.1,6.174
3/13/2006,4.8,6.6,1.1,4.45
3/14/2006,0.1,7.2,1.2,6.272
3/15/2006,1.7,7.7,1.3,5.366
3/16/2006,0.1,7.1,1.2,4.989
3/17/2006,0,5.2,1,4.287
3/18/2006,0,5.9,1.1,5.16
3/19/2006,0.4,6.9,1.3,3.649
3/20/2006,0.4,8.1,1.4,2.949
3/21/2006,8.1,7.3,1.3,4.22
3/22/2006,0,7.1,1.3,5.131
3/23/2006,0,9.7,1.6,3.93
3/24/2006,0,12.5,1.9,4.953
3/25/2006,2.8,13,2,3.373
3/26/2006,0.1,7.1,1.4,3.621
3/27/2006,0,4.8,1.1,2.984
3/28/2006,0,10.2,1.8,3.366
3/29/2006,0.1,10.1,1.8,3.096
3/30/2006,0.2,12.6,2.1,3.392
3/31/2006,0.6,12.9,2.1,2.875
4/1/2006,6.5,8.2,1.6,3.203
4/2/2006,5.8,2,0.9,3.152
4/3/2006,3.5,2,0.8,3.773
4/4/2006,8.7,4.9,1.2,3.17
4/5/2006,6.4,2.8,0.9,6.464
4/6/2006,8,3.5,1.1,4.936
4/7/2006,22.3,4.1,1.1,7.671
4/8/2006,5.6,4.5,1.2,12.579
4/9/2006,6,2.5,1,11.028
4/10/2006,4.6,1.6,0.9,13.167
4/11/2006,3,1.9,0.9,12.394
4/12/2006,2.4,4.4,1.2,11.632
4/13/2006,0.1,5.7,1.4,10.975
4/14/2006,1.9,2.2,0.9,10.862
4/15/2006,0.8,1.6,0.9,9.847
4/16/2006,24.4,3.3,1.1,7.814
4/17/2006,11.3,5.4,1.4,22.802
4/18/2006,0,3.5,1.2,31.773
4/19/2006,0,5.7,1.5,26.045
4/20/2006,2.1,7.7,1.8,21.55
4/21/2006,0.7,8.6,1.9,18.467
4/22/2006,0,11.3,2.3,16.521
4/23/2006,1.8,10.4,2.2,14.531
4/24/2006,21.8,10.2,2.2,9.523
4/25/2006,1.5,7.2,1.8,17.509
4/26/2006,4.6,8.4,2,15.431
4/27/2006,0.3,11.8,2.5,14.276
4/28/2006,0,13.6,2.8,13.858
4/29/2006,0,15.2,3,11.994
4/30/2006,0,17.1,3.3,8.799
5/1/2006,0,13.9,2.9,8.491
5/2/2006,0,12.2,2.6,8.538
5/3/2006,13.1,16.1,3.2,7.016
5/4/2006,3.8,9.1,2.2,10.185
5/5/2006,0.5,8.7,2.1,8.867
5/6/2006,0,10.7,2.5,7.599
5/7/2006,17.7,14.5,3,6.205
5/8/2006,7,8.3,2.1,11.478
5/9/2006,0.5,8.7,2.2,10.691
5/10/2006,0,10.4,2.4,8.504
5/11/2006,7.4,12,2.7,8.047
5/12/2006,2,9.9,2.4,8.267
5/13/2006,5.9,13.4,2.9,7.263
5/14/2006,1.1,13.5,3,6.682
5/15/2006,0,15.1,3.2,6.319
5/16/2006,8.7,12.7,2.9,4.554
5/17/2006,6.5,13,3,3.65
5/18/2006,6,10.3,2.5,4.035
5/19/2006,6.8,11.4,2.7,3.782
5/20/2006,1.9,11.7,2.8,3.624
5/21/2006,3.2,13.8,3.1,3.349
5/22/2006,15.4,14.7,3.3,2.794
5/23/2006,0.7,14.3,3.2,6.535
5/24/2006,8.7,13,3,6.337
5/25/2006,7.4,13.2,3.1,8.068
5/26/2006,3.8,12.3,2.9,8.275
5/27/2006,0,11.7,2.8,8.358
5/28/2006,0.2,14,3.2,6.4
5/29/2006,0.1,13.8,3.2,6.789
5/30/2006,0.4,12.5,3,5.815
5/31/2006,0,17.2,3.8,5.842
6/1/2006,0,21.8,4.6,4.553
6/2/2006,8.3,15.4,3.5,5.191
6/3/2006,5.6,12.2,3,5.604
6/4/2006,2.3,10.5,2.7,4.96
6/5/2006,0,9.9,2.6,4.754
6/6/2006,0.2,13,3.1,3.911
6/7/2006,0,16.7,3.8,4.043
6/8/2006,19.2,17.2,3.9,3.532
6/9/2006,0.3,10.3,2.7,6.007
6/10/2006,0.9,10,2.6,4.128
6/11/2006,3.2,7.6,2.2,3.575
6/12/2006,0,11.6,2.9,3.804
6/13/2006,0,15.1,3.5,3.385
6/14/2006,0,16.2,3.7,3.078
6/15/2006,0,16.8,3.8,3.039
6/16/2006,0,17,3.8,2.672
6/17/2006,0,17.9,4,2.194
6/18/2006,11.2,19.2,4.2,2.218
6/19/2006,3.9,16.8,3.8,3.448
6/20/2006,0.1,15.3,3.5,2.812
6/21/2006,0,17.4,3.9,2.457
6/22/2006,0,17.9,4,2.151
6/23/2006,0,19.1,4.2,1.899
6/24/2006,2.1,23.2,4.9,1.632
6/25/2006,19,18.1,4,1.576
6/26/2006,17.4,15.6,3.6,3.778
6/27/2006,1.6,16,3.7,6.401
6/28/2006,0,20.1,4.4,3.629
6/29/2006,0,22.3,4.8,2.705
6/30/2006,0,21.4,4.6,2.334
7/1/2006,10.8,23.8,5,2.221
7/2/2006,0,21.3,4.6,2.664
7/3/2006,0,24.5,5.1,2.219
7/4/2006,11.3,22,4.7,1.883
7/5/2006,0,18.6,4.1,3.297
7/6/2006,0,16.6,3.7,1.926
7/7/2006,0,14.7,3.4,1.593
7/8/2006,0.1,15.9,3.6,1.451
7/9/2006,0,14.9,3.4,1.405
7/10/2006,0,17.3,3.8,1.147
7/11/2006,0,21.3,4.5,1.146
7/12/2006,0,23.6,4.8,1.262
7/13/2006,0,23.4,4.8,1.165
7/14/2006,0,22.5,4.7,0.988
7/15/2006,0,21.8,4.6,1.073
7/16/2006,0,22.9,4.7,0.991
7/17/2006,13.4,24.2,4.9,0.888
7/18/2006,9.3,18.2,3.9,1.42
7/19/2006,3.6,17.3,3.8,1.643
7/20/2006,0.1,17.1,3.7,1.568
7/21/2006,0,19.5,4.1,1.311
7/22/2006,0,20.9,4.3,1.215
7/23/2006,0.3,21.8,4.4,0.978
7/24/2006,1.5,21.9,4.4,0.869
7/25/2006,11.9,19.5,4,0.837
7/26/2006,0,21.8,4.4,1.788
7/27/2006,0,24.2,4.8,1.188
7/28/2006,0.5,22.8,4.5,0.771
7/29/2006,2.8,20.3,4.1,0.885
7/30/2006,9.7,22.2,4.4,0.735
7/31/2006,3.4,19.5,3.9,1.553
8/1/2006,0,18.3,3.7,2.942
8/2/2006,0,20,4,1.561
8/3/2006,0,23.1,4.4,1.234
8/4/2006,0,24.4,4.6,0.947
8/5/2006,0,23.8,4.5,0.9
8/6/2006,12.9,23.7,4.5,0.937
8/7/2006,0.3,22.3,4.2,4.76
8/8/2006,0.1,22,4.2,1.973
8/9/2006,15,22.7,4.2,1.43
8/10/2006,6.1,18.1,3.5,3.247
8/11/2006,6.1,16.7,3.3,2.803
8/12/2006,0,16.6,3.2,2.133
8/13/2006,7.9,14.8,3,1.697
8/14/2006,0,14.9,3,2.103
8/15/2006,0,15.3,3,1.643
8/16/2006,0,19.5,3.6,1.325
8/17/2006,0.7,17.4,3.3,1.204
8/18/2006,2,15.5,3,1.145
8/19/2006,0,18,3.3,1.176
8/20/2006,0,19.6,3.5,0.983
8/21/2006,6.6,21,3.7,0.782
8/22/2006,0.3,21.1,3.7,1.216
8/23/2006,0.7,19.9,3.5,0.98
8/24/2006,0.2,15.6,2.9,0.627
8/25/2006,8.1,14.3,2.7,0.76
8/26/2006,0.7,16.3,2.9,1.143
8/27/2006,0,18.8,3.2,1.154
8/28/2006,0,17.5,3,0.831
8/29/2006,0,16.5,2.9,0.681
8/30/2006,2.6,17.5,3,0.627
8/31/2006,7.8,18.6,3.1,0.582
9/1/2006,1.8,15.7,2.7,0.876
9/2/2006,1.8,12.5,2.3,0.909
9/3/2006,0,12.4,2.3,0.896
9/4/2006,0,14.3,2.5,0.771
9/5/2006,0.5,15.8,2.6,0.768
9/6/2006,0.1,19,3,0.556
9/7/2006,46,14.1,2.4,4.817
9/8/2006,4.8,11.3,2,5.932
9/9/2006,1.1,13,2.2,2.236
9/10/2006,0,15.2,2.4,1.728
9/11/2006,5,16.5,2.6,1.882
9/12/2006,13.1,15.7,2.5,1.957
9/13/2006,26,12.9,2.1,3.115
9/14/2006,7,10.5,1.8,8.098
9/15/2006,3.4,10,1.7,6.6
9/16/2006,19.2,7.8,1.5,7.362
9/17/2006,2.5,7.2,1.4,11.466
9/18/2006,1.9,6.5,1.3,9.148
9/19/2006,1,7.6,1.4,7.779
9/20/2006,16.9,9.8,1.6,7.979
9/21/2006,3.1,10,1.6,11.309
9/22/2006,7.3,13,1.9,8.7
9/23/2006,4.9,15.4,2.2,9.104
9/24/2006,0,15.4,2.2,8.376
9/25/2006,0,14.3,2,6.808
9/26/2006,0.4,13.2,1.9,6.03
9/27/2006,1.6,12.9,1.8,5.136
9/28/2006,0,13,1.8,4.756
9/29/2006,9.7,13.1,1.8,4.281
9/30/2006,3.1,14.5,1.9,5.681
10/1/2006,6.1,15.8,2,5.049
10/2/2006,10.4,14.8,1.9,4.996
10/3/2006,2.5,12.5,1.6,7.915
10/4/2006,0,8.2,1.2,6.487
10/5/2006,0,5.5,1,5.413
10/6/2006,0,5.1,0.9,4.798
10/7/2006,0,5.1,0.9,4.43
10/8/2006,0,5.9,1,4.173
10/9/2006,0,8.8,1.2,3.831
10/10/2006,0,12.2,1.5,3.597
10/11/2006,0,14.1,1.6,3.292
10/12/2006,1.4,14.9,1.7,3.061
10/13/2006,0,13.9,1.6,2.823
10/14/2006,0,14.8,1.6,2.594
10/15/2006,0,12.9,1.4,2.44
10/16/2006,0,11.5,1.3,2.432
10/17/2006,0.1,9,1.1,2.339
10/18/2006,0,10.3,1.2,2.233
10/19/2006,32.3,10,1.1,2.838
10/20/2006,20.2,10,1.1,9.201
10/21/2006,0.1,9.9,1.1,10.851
10/22/2006,9.3,12.3,1.3,7.832
10/23/2006,3.2,11.1,1.2,8.765
10/24/2006,2.3,9.6,1,7.488
10/25/2006,10.1,9.4,1,7.675
10/26/2006,4.6,7.2,0.8,11.052
10/27/2006,10.4,7.7,0.9,10.724
10/28/2006,4.4,7.1,0.8,11.792
10/29/2006,0.9,7.1,0.8,12.122
10/30/2006,0,12.4,1.1,10.649
10/31/2006,2,13.3,1.2,9.558
11/1/2006,0,9.7,1,8.828
11/2/2006,0,10.9,1,7.892
11/3/2006,0.3,13.4,1.1,7.089
11/4/2006,21.2,13.6,1.1,7.204
11/5/2006,14.9,11.1,1,16.381
11/6/2006,0,7.4,0.7,17.821
11/7/2006,0,7.1,0.7,15.979
11/8/2006,0,8.5,0.8,12.612
11/9/2006,7.1,8.7,0.8,13.301
11/10/2006,13.9,8.1,0.7,10.268
11/11/2006,0.8,7.3,0.7,13.745
11/12/2006,1.4,7,0.7,11.132
11/13/2006,1.3,7.5,0.7,12.056
11/14/2006,0,7.8,0.7,8.788
11/15/2006,3.3,10.5,0.8,10.457
11/16/2006,1.3,8.7,0.7,8.138
11/17/2006,1.6,6.8,0.6,9.608
11/18/2006,35.8,8,0.7,6.541
11/19/2006,0.2,11.1,0.8,28.477
11/20/2006,0,11.6,0.8,23.845
11/21/2006,0.4,9.4,0.7,20.084
11/22/2006,0.1,7.3,0.6,16.986
11/23/2006,0,5.9,0.5,14.959
11/24/2006,0,7.1,0.6,10.833
11/25/2006,0,7.2,0.6,10.503
11/26/2006,0.3,5.9,0.5,7.128
11/27/2006,1.7,7.5,0.6,6.88
11/28/2006,0,5.8,0.5,6.254
11/29/2006,0,6.4,0.5,5.955
11/30/2006,0,5,0.4,6.258
12/1/2006,0,4.6,0.4,5.649
12/2/2006,0,8.1,0.6,7.037
12/3/2006,0.3,10,0.7,4.48
12/4/2006,5.1,12.3,0.8,3.034
12/5/2006,3.4,9.7,0.6,6.037
12/6/2006,0,5.4,0.5,4.916
12/7/2006,1.5,6.1,0.5,4.461
12/8/2006,5,6.9,0.5,3.8
12/9/2006,12.4,9.5,0.6,6.33
12/10/2006,0.4,8.4,0.6,8.036
12/11/2006,1.1,8.4,0.6,5.106
12/12/2006,0.1,6.7,0.5,6.353
12/13/2006,0.2,4.6,0.4,5.372
12/14/2006,2.1,4.8,0.4,4.96
12/15/2006,0.1,0,0.2,4.816
12/16/2006,0.1,2.1,0.3,5.155
12/17/2006,0.1,3.4,0.3,4.082
12/18/2006,3.1,4,0.4,3.671
12/19/2006,2.4,3.7,0.4,4.67
12/20/2006,4.3,2,0.3,4.29
12/21/2006,0.4,0,0.2,5.234
12/22/2006,0,-1.4,0.1,4.24
12/23/2006,0,-1.5,0.2,4.836
12/24/2006,0.1,-2.9,0.1,4.244
12/25/2006,0,-3.3,0.1,2.732
12/26/2006,1.5,0.5,0.2,3.434
12/27/2006,5.9,6.5,0.5,3.613
12/28/2006,0,8.4,0.5,4.889
12/29/2006,9.2,6.5,0.5,3.741
12/30/2006,15.3,6.6,0.5,6.245
12/31/2006,8.8,4.5,0.4,10.689
1/1/2007,5.6,0.5,0.2,12.869
1/2/2007,1.3,-2.7,0.1,11.516
1/3/2007,0.6,-2.4,0.1,10.77
1/4/2007,0,-5.9,0,8.805
1/5/2007,4.9,-8.6,0,8.551
1/6/2007,10.2,-1.5,0.2,9.21
1/7/2007,2.2,-0.2,0.2,6.524
1/8/2007,11.1,-0.6,0.2,6.956
1/9/2007,3.4,1.5,0.3,11.103
1/10/2007,17.1,4.3,0.4,16.618
1/11/2007,6.3,3.7,0.4,40.707
1/12/2007,2,-1.2,0.2,38.585
1/13/2007,0.5,-2.3,0.1,28.761
1/14/2007,0.4,-1,0.2,22.422
1/15/2007,0,0.9,0.3,19.012
1/16/2007,0,1.7,0.3,16.71
1/17/2007,0,5.3,0.5,14.686
1/18/2007,20.6,4.5,0.5,14.424
1/19/2007,0.9,2.8,0.4,17.525
1/20/2007,6.1,4.4,0.5,16.957
1/21/2007,0.5,4.8,0.5,15.341
1/22/2007,1.2,9.4,0.7,12.092
1/23/2007,15,7.2,0.6,13.116
1/24/2007,4.9,4.3,0.5,19.22
1/25/2007,0.4,10.3,0.8,18.356
1/26/2007,8.4,6.3,0.6,18.357
1/27/2007,0.2,3.1,0.4,18.242
1/28/2007,3.2,7.1,0.6,16.6
1/29/2007,9,7.4,0.7,15.785
1/30/2007,4.3,6.1,0.6,17.212
1/31/2007,0,2.3,0.4,16.647
2/1/2007,3.5,6.6,0.7,15.643
2/2/2007,0.6,4.8,0.5,13.795
2/3/2007,0,3.1,0.5,12.945
2/4/2007,7.5,5.9,0.6,10.188
2/5/2007,3.6,8.4,0.8,11.602
2/6/2007,0.1,7.6,0.8,11.503
2/7/2007,0,8.9,0.9,10.282
2/8/2007,9.8,7.8,0.8,9.753
2/9/2007,1.3,5.2,0.6,11.369
2/10/2007,4.5,5.1,0.6,12.398
2/11/2007,4,7.2,0.8,10.337
2/12/2007,0,8.2,0.9,10.965
2/13/2007,8.8,7.3,0.8,9.704
2/14/2007,1.3,5.6,0.7,12.216
2/15/2007,6.4,11.4,1.1,11.109
2/16/2007,4.4,7.2,0.9,10.681
2/17/2007,25,6,0.8,12.224
2/18/2007,1.9,2.3,0.5,21.65
2/19/2007,0,4.4,0.7,20.715
2/20/2007,0,9.6,1.1,18.308
2/21/2007,4,5.8,0.8,15.829
2/22/2007,0.1,1,0.4,15.116
2/23/2007,6.2,2.3,0.6,13.701
2/24/2007,14.9,7.1,1,13.795
2/25/2007,12.1,7.7,1,19.102
2/26/2007,3.6,1.7,0.5,22.149
2/27/2007,0,0.1,0.4,20.412
2/28/2007,0,3.1,0.7,18.04
3/1/2007,0.1,5.5,0.9,16.211
3/2/2007,3.5,5.6,0.9,15.378
3/3/2007,8.5,2.9,0.7,15.683
3/4/2007,0.8,-0.3,0.4,12.081
3/5/2007,13,2.1,0.6,10.157
3/6/2007,3,1.8,0.6,13.935
3/7/2007,1.2,2.2,0.7,13.312
3/8/2007,2.4,3.5,0.8,12.562
3/9/2007,0,2.8,0.7,11.457
3/10/2007,0,6.1,1,10.866
3/11/2007,0,9.1,1.3,6.081
3/12/2007,0,8.8,1.3,8.543
3/13/2007,0,6.1,1.1,8.3
3/14/2007,0.8,4,0.9,8.427
3/15/2007,7.6,3.5,0.8,6.443
3/16/2007,0,3.3,0.9,6.405
3/17/2007,6.3,8.2,1.3,5.429
3/18/2007,5.7,9.4,1.5,6.992
3/19/2007,14.9,7.9,1.3,9.416
3/20/2007,0.4,2.5,0.8,11.803
3/21/2007,0,1.7,0.7,12.902
3/22/2007,0,2.3,0.8,9.089
3/23/2007,0,5.6,1.2,8.913
3/24/2007,0,9.7,1.6,9.734
3/25/2007,0.7,7.4,1.4,6.626
3/26/2007,1.3,8.1,1.5,7.938
3/27/2007,11.2,4.1,1,6.646
3/28/2007,10.3,0.4,0.6,9.555
3/29/2007,3.7,2.9,0.9,9.985
3/30/2007,0.1,0.3,0.6,10.893
3/31/2007,1.3,1,0.7,7.998
4/1/2007,0.8,6.5,1.4,6.236
4/2/2007,0,9.9,1.8,6.971
4/3/2007,0,12.2,2.1,6.195
4/4/2007,0,13.8,2.3,6.237
4/5/2007,0,12,2.1,6.282
4/6/2007,0,10.6,2,5.431
4/7/2007,0,9.8,1.9,4.816
4/8/2007,0,8.2,1.7,3.455
4/9/2007,0,4.6,1.3,3.433
4/10/2007,0,6,1.4,3.436
4/11/2007,0,7.8,1.7,3.523
4/12/2007,0,9.9,2,3.355
4/13/2007,0,7.2,1.6,3.092
4/14/2007,0,6.2,1.5,2.694
4/15/2007,3.4,6.4,1.5,2.98
4/16/2007,0,5,1.4,2.232
4/17/2007,0.2,7.9,1.8,2.565
4/18/2007,0.4,9.9,2.1,2.506
4/19/2007,7.8,6.3,1.6,2.426
4/20/2007,0.3,4.7,1.4,2.738
4/21/2007,8.1,5.4,1.5,2.446
4/22/2007,0.4,7.6,1.8,2.459
4/23/2007,5.3,6.6,1.7,2.362
4/24/2007,7.8,5.5,1.5,2.588
4/25/2007,20.4,5.5,1.5,3.413
4/26/2007,13.8,7,1.8,5.861
4/27/2007,4.1,8.7,2,7.85
4/28/2007,1.3,10.8,2.3,9.382
4/29/2007,8.4,11.8,2.5,9.549
4/30/2007,1.8,9.3,2.1,9.399
5/1/2007,0,10.5,2.4,8.502
5/2/2007,0,13.9,2.9,7.69
5/3/2007,0,16.6,3.3,6.994
5/4/2007,0,17.4,3.4,6.095
5/5/2007,0,17.7,3.5,5.347
5/6/2007,0,18.2,3.6,4.604
5/7/2007,2.2,16,3.3,4.382
5/8/2007,0,17.7,3.6,4.269
5/9/2007,0,13.2,2.9,3.659
5/10/2007,0,11.2,2.5,3.34
5/11/2007,2.4,10.8,2.5,3.132
5/12/2007,16.4,10.6,2.5,3.222
5/13/2007,20.9,3,1.3,3.873
5/14/2007,0,4.6,1.5,6.22
5/15/2007,4.3,6.4,1.8,6.386
5/16/2007,6.2,10.6,2.5,6.341
5/17/2007,6.1,11.1,2.6,6.88
5/18/2007,4.8,9.4,2.4,6.874
5/19/2007,0.2,7.3,2,7.226
5/20/2007,0,8.4,2.2,6.491
5/21/2007,0,10.1,2.5,5.803
5/22/2007,0,12.6,2.9,5.272
5/23/2007,0,15.5,3.4,5.046
5/24/2007,0.1,15.6,3.4,4.43
5/25/2007,9.5,14.1,3.2,3.892
5/26/2007,0.3,12.2,2.9,4.358
5/27/2007,0,16,3.6,3.996
5/28/2007,14.8,20.3,4.3,3.407
5/29/2007,6.7,13.3,3.1,3.455
5/30/2007,1,12,2.9,4.45
5/31/2007,21.1,9.9,2.6,4.171
6/1/2007,0,11.8,2.9,5.89
6/2/2007,0.1,12.8,3,7.144
6/3/2007,5.4,13,3.1,7.62
6/4/2007,1.5,13.1,3.1,7.879
6/5/2007,0.1,11.5,2.8,7.326
6/6/2007,0,11.9,2.9,6.664
6/7/2007,0,13.3,3.2,5.823
6/8/2007,11.6,13.2,3.1,5.192
6/9/2007,0,12.7,3.1,5.29
6/10/2007,1.5,11.3,2.8,5.04
6/11/2007,1.6,9.6,2.5,4.313
6/12/2007,1.9,10.7,2.7,4.313
6/13/2007,1.2,9.6,2.5,3.911
6/14/2007,0,9.7,2.5,3.646
6/15/2007,0,11.1,2.8,3.58
6/16/2007,0,13.6,3.2,3.458
6/17/2007,4.2,16.8,3.8,3.13
6/18/2007,4.3,14.7,3.5,2.764
6/19/2007,0,17.7,3.9,2.947
6/20/2007,7.4,20.3,4.4,2.501
6/21/2007,3,19.8,4.3,2.25
6/22/2007,0,16.2,3.7,2.25
6/23/2007,0,11,2.8,2.24
6/24/2007,0.6,12.7,3.1,2.073
6/25/2007,0,15,3.5,1.784
6/26/2007,0,18.1,4,1.677
6/27/2007,0.5,20,4.4,1.555
6/28/2007,3.8,21.7,4.6,1.438
6/29/2007,0,21.2,4.5,1.407
6/30/2007,1,22.5,4.8,1.4
7/1/2007,6.9,20.4,4.4,1.366
7/2/2007,17.6,19.3,4.2,1.407
7/3/2007,5.3,16.3,3.7,1.517
7/4/2007,0.4,14.8,3.4,1.815
7/5/2007,0,16,3.6,1.89
7/6/2007,0,16.8,3.8,1.768
7/7/2007,0,19.2,4.2,1.562
7/8/2007,0.3,21.4,4.5,1.39
7/9/2007,0,23.6,4.9,1.232
7/10/2007,5.3,23.2,4.8,1.067
7/11/2007,8.2,18.4,4,0.916
7/12/2007,0,19.1,4.1,1.144
7/13/2007,13.6,19.3,4.1,1.28
7/14/2007,0.4,18.3,4,1.502
7/15/2007,6.6,18.6,4,1.625
7/16/2007,0.1,17,3.7,1.728
7/17/2007,0,18.4,3.9,1.728
7/18/2007,0,19.3,4.1,1.674
7/19/2007,0,21.8,4.5,1.291
7/20/2007,0,25.8,5.1,1.133
7/21/2007,0,27.1,5.3,1.012
7/22/2007,1.6,19.4,4,0.752
7/23/2007,0,17.2,3.7,0.624
7/24/2007,0,19,4,0.615
7/25/2007,0,23.6,4.7,0.613
7/26/2007,8.8,22.8,4.6,0.563
7/27/2007,0,19,3.9,0.512
7/28/2007,0,18.3,3.8,0.508
7/29/2007,0,20.3,4.1,0.508
7/30/2007,0,21.1,4.2,0.462
7/31/2007,2.8,20.8,4.1,0.389
8/1/2007,0,21.9,4.3,0.336
8/2/2007,0,23.6,4.5,0.325
8/3/2007,0,22.6,4.3,0.32
8/4/2007,0,22.9,4.4,0.263
8/5/2007,0.9,22.6,4.3,0.212
8/6/2007,11.7,18.5,3.7,0.266
8/7/2007,6.6,16.6,3.3,0.293
8/8/2007,8.4,14.2,3,0.332
8/9/2007,0,15.6,3.1,0.453
8/10/2007,0,19.1,3.7,0.546
8/11/2007,9.2,19.4,3.7,0.606
8/12/2007,0.4,21.6,4,0.669
8/13/2007,1.8,19.4,3.6,0.774
8/14/2007,0,17.6,3.4,0.733
8/15/2007,0,16.7,3.2,0.629
8/16/2007,0,18.3,3.4,0.602
8/17/2007,0,18.1,3.4,0.509
8/18/2007,0,17.9,3.3,0.421
8/19/2007,0,19.7,3.6,0.41
8/20/2007,0.7,19.3,3.5,0.41
8/21/2007,0.4,19.2,3.4,0.41
8/22/2007,0.1,18.6,3.3,0.41
8/23/2007,14.7,18.7,3.3,0.413
8/24/2007,2.8,17.1,3.1,0.438
8/25/2007,0.3,16.5,3,0.469
8/26/2007,0,17.3,3.1,0.495
8/27/2007,4.4,15.9,2.8,0.425
8/28/2007,0,12.4,2.3,0.421
8/29/2007,1.1,12.8,2.4,0.47
8/30/2007,0.2,11.7,2.2,0.356
8/31/2007,0.3,11.1,2.1,0.398
9/1/2007,0,11.6,2.2,0.398
9/2/2007,0.3,12.3,2.3,0.335
9/3/2007,5.4,12.7,2.3,0.328
9/4/2007,0,11.6,2.1,0.383
9/5/2007,0.3,12.8,2.3,0.335
9/6/2007,2.4,15.6,2.6,0.325
9/7/2007,12.9,16.6,2.7,0.335
9/8/2007,4.1,14.4,2.4,0.387
9/9/2007,0.1,14.3,2.3,0.335
9/10/2007,17.9,16.4,2.6,0.355
9/11/2007,2.1,14.9,2.4,0.587
9/12/2007,15.8,12.1,2,0.89
9/13/2007,0,11.6,1.9,0.982
9/14/2007,1.5,11.8,2,1.02
9/15/2007,5.1,11.9,2,1.06
9/16/2007,2.9,11.5,1.9,1.249
9/17/2007,11.7,12.5,2,1.35
9/18/2007,19.3,12.1,1.9,2
9/19/2007,13.6,11.6,1.9,6.2
9/20/2007,5.4,10.1,1.7,7.1
9/21/2007,0.2,9.8,1.6,5.7
9/22/2007,0,10.3,1.6,4.8
9/23/2007,0,11.1,1.7,4
9/24/2007,10.6,11.7,1.7,4.7
9/25/2007,0.7,7.9,1.3,4.8
9/26/2007,0,9.3,1.5,3.1
9/27/2007,3.6,11.2,1.6,2.6
9/28/2007,0,8.6,1.4,2.4
9/29/2007,0,6.3,1.1,3.063
9/30/2007,0.3,8.8,1.3,2.827
10/1/2007,0.6,12.8,1.7,2.988
10/2/2007,4.7,14.9,1.9,3.134
10/3/2007,0.4,16.5,2,2.627
10/4/2007,14.6,16.8,2,2.632
10/5/2007,6.2,12.1,1.6,3.262
10/6/2007,0,12,1.5,3.939
10/7/2007,0,13.7,1.7,2.879
10/8/2007,0,14.4,1.7,2.137
10/9/2007,0,16,1.8,2.068
10/10/2007,0,15.6,1.8,2.068
10/11/2007,0,14.9,1.7,2.065
10/12/2007,0,14.5,1.6,1.89
10/13/2007,0.4,14.2,1.6,1.677
10/14/2007,2.8,14.6,1.6,1.772
10/15/2007,1,13.8,1.5,1.728
10/16/2007,0,12.5,1.4,1.648
10/17/2007,0,13,1.4,1.506
10/18/2007,0.5,13.4,1.4,1.25
10/19/2007,0.1,13.7,1.4,1.083
10/20/2007,0,9.2,1.1,1.188
10/21/2007,0,7.9,1,1.367
10/22/2007,0,8.5,1,1.432
10/23/2007,0,11.7,1.2,1.183
10/24/2007,0.1,12.9,1.3,1.058
10/25/2007,1.8,12.5,1.2,0.98
10/26/2007,0.5,14.1,1.3,1.119
10/27/2007,3.6,15.5,1.4,1.119
10/28/2007,3.9,14.4,1.3,1.376
10/29/2007,4.1,13.1,1.2,1.296
10/30/2007,1.8,11.5,1.1,1.583
10/31/2007,0.1,10.6,1,1.811
11/1/2007,1.4,8.8,0.9,1.566
11/2/2007,0.5,5.5,0.7,1.323
11/3/2007,0.4,5,0.6,1.562
11/4/2007,0,1.6,0.4,1.466
11/5/2007,0,-1.6,0.2,1.16
11/6/2007,0,-0.7,0.2,1.187
11/7/2007,0,2.9,0.5,1.277
11/8/2007,0,3,0.5,1.35
11/9/2007,0,3.7,0.5,1.673
11/10/2007,0.3,10.7,0.9,1.654
11/11/2007,0,14.3,1.1,1.479
11/12/2007,15.5,12.6,1,1.074
11/13/2007,0,7.2,0.7,2.002
11/14/2007,0,6.7,0.6,2.068
11/15/2007,5.4,9,0.7,1.968
11/16/2007,6,11.1,0.8,2.228
11/17/2007,12.1,6.4,0.6,3.401
11/18/2007,0,-1.3,0.2,4.726
11/19/2007,0,-2.4,0.1,3.981
11/20/2007,0,0.2,0.3,3.108
11/21/2007,1.4,3.7,0.4,2.282
11/22/2007,0.7,6,0.5,2.199
11/23/2007,0.9,6.2,0.5,1.808
11/24/2007,0,6.8,0.6,1.585
11/25/2007,0,8.2,0.6,1.714
11/26/2007,18.5,7.2,0.6,1.911
11/27/2007,0,3.4,0.4,3.509
11/28/2007,0,1.5,0.3,3.511
11/29/2007,0,0.5,0.3,3.308
11/30/2007,0,2.8,0.3,2.545
12/1/2007,0.1,3.6,0.4,3.041
12/2/2007,3,4.5,0.4,2.779
12/3/2007,1.2,6.1,0.5,2.557
12/4/2007,0,2.3,0.3,3.13
12/5/2007,0,-1.7,0.2,3.008
12/6/2007,1.8,-2.1,0.1,2.792
12/7/2007,3.5,-1.3,0.2,2.662
12/8/2007,1.4,2.9,0.3,2.814
12/9/2007,0,4.7,0.4,2.647
12/10/2007,0,0.8,0.2,2.345
12/11/2007,0,-1.2,0.1,2.273
12/12/2007,0,-2,0.1,2.257
12/13/2007,2.6,-3,0.1,2.038
12/14/2007,1.1,-4.4,0,1.597
12/15/2007,0.6,-2.8,0.1,1.572
12/16/2007,12.4,2.3,0.3,1.831
12/17/2007,6,5.8,0.4,2.571
12/18/2007,0,2.6,0.3,5.099
12/19/2007,0,0.4,0.2,4.605
12/20/2007,0.3,5.3,0.4,4.705
12/21/2007,0.1,6.7,0.5,3.453
12/22/2007,1.1,10,0.6,2.401
12/23/2007,6.4,10.1,0.6,2.062
12/24/2007,5.4,10.4,0.6,2.264
12/25/2007,16,8.1,0.5,3.674
12/26/2007,7.6,-0.7,0.2,9.188
12/27/2007,0.3,-4.1,0,9.26
12/28/2007,1.9,-3.4,0.1,7.659
12/29/2007,3.3,0.1,0.2,7.688
12/30/2007,8,5.5,0.4,6.613
12/31/2007,14.5,6.9,0.5,10.979
1/1/2008,8.6,5.7,0.5,18.188
1/2/2008,20.1,5.6,0.5,20.819
1/3/2008,0,2.1,0.3,34.496
1/4/2008,0,1.6,0.3,25.4
1/5/2008,10.6,5.4,0.4,20.765
1/6/2008,4,5.9,0.5,22.601
1/7/2008,3.6,7,0.5,19.513
1/8/2008,0.3,5.3,0.4,17.368
1/9/2008,3.7,8.7,0.6,12.991
1/10/2008,7.6,6.1,0.5,12.707
1/11/2008,1.2,7.3,0.6,13.571
1/12/2008,4.1,6.2,0.5,10.23
1/13/2008,0.3,5.2,0.5,9.008
1/14/2008,0.2,6.3,0.5,6.985
1/15/2008,0,6.5,0.5,10.682
1/16/2008,0,1.9,0.3,6.256
1/17/2008,0,0.8,0.3,6.161
1/18/2008,0,-0.3,0.2,5.61
1/19/2008,0,-1.3,0.2,5.909
1/20/2008,0,1.1,0.3,4.768
1/21/2008,0,5.7,0.5,3.26
1/22/2008,1.3,6.6,0.6,5.285
1/23/2008,0.4,8.1,0.7,4.166
1/24/2008,0,4.3,0.5,4.057
1/25/2008,1.1,2.6,0.4,3.44
1/26/2008,0.7,4,0.5,3.642
1/27/2008,0,4.1,0.5,3.223
1/28/2008,5.2,2,0.4,2.54
1/29/2008,0,2.9,0.4,4.834
1/30/2008,0,-0.6,0.2,3.088
1/31/2008,0,-1.8,0.2,2.838
2/1/2008,2,0.6,0.3,2.855
2/2/2008,3.6,3.7,0.5,2.797
2/3/2008,0.2,0.5,0.3,2.89
2/4/2008,0.8,-1.9,0.2,2.619
2/5/2008,0.6,-5.3,0,2.54
2/6/2008,7.4,-2,0.2,2.473
2/7/2008,12.4,0.8,0.4,2.99
2/8/2008,0.9,-1.1,0.3,4.054
2/9/2008,0,-0.9,0.3,3.858
2/10/2008,0.4,3.4,0.6,3.494
2/11/2008,3.3,3.1,0.6,4.106
2/12/2008,13.7,4.5,0.6,5.683
2/13/2008,4.4,1.7,0.5,11.159
2/14/2008,1.3,-1.3,0.2,11.848
2/15/2008,0,-1.7,0.2,8.557
2/16/2008,1.7,-0.4,0.3,10.469
2/17/2008,0.3,3.2,0.6,6.344
2/18/2008,8.2,3.4,0.6,6.516
2/19/2008,5.4,0.3,0.4,10.989
2/20/2008,6,-4.6,0.1,8.284
2/21/2008,2.4,-5,0,9.103
2/22/2008,1.2,-6.7,0,7.252
2/23/2008,1.9,-2.3,0.2,9.516
2/24/2008,0,0.3,0.4,5.764
2/25/2008,0,5.3,0.8,5.203
2/26/2008,5.2,5.4,0.8,9.297
2/27/2008,7.6,3.5,0.7,10.54
2/28/2008,0,5.1,0.8,15.694
2/29/2008,0,3.6,0.7,12.939
3/1/2008,2,0.7,0.5,13.023
3/2/2008,0.4,0.6,0.5,10.165
3/3/2008,0.1,-1.9,0.3,10.61
3/4/2008,0,-1.4,0.3,8.006
3/5/2008,0.3,0.2,0.4,9.65
3/6/2008,0.2,-0.5,0.4,6.043
3/7/2008,0.1,-0.2,0.4,5.91
3/8/2008,0,4.9,0.9,4.993
3/9/2008,0,5.4,1,5.137
3/10/2008,0,4,0.8,5.202
3/11/2008,0,0.6,0.5,4.824
3/12/2008,0,-0.5,0.4,4.677
3/13/2008,0,2.2,0.7,4.134
3/14/2008,5.8,4.1,0.9,5.083
3/15/2008,1.8,6.3,1.2,4.226
3/16/2008,3.1,4.6,1,5.332
3/17/2008,0.7,4.4,1,4.398
3/18/2008,0.2,3.7,0.9,5.528
3/19/2008,0,4,1,3.958
3/20/2008,0.9,4.7,1,6.485
3/21/2008,1.8,7.9,1.4,4.365
3/22/2008,0,9.6,1.6,5.869
3/23/2008,0,11.7,1.8,3.834
3/24/2008,0,12.7,2,3.055
3/25/2008,0,13.3,2,6.157
3/26/2008,21,9.9,1.7,5.059
3/27/2008,1,2.8,0.9,11.302
3/28/2008,0,2,0.8,6.908
3/29/2008,0,2.3,0.9,7.624
3/30/2008,0,2,0.8,6.674
3/31/2008,0,1.4,0.8,5.53
4/1/2008,10.4,0.2,0.6,6.873
4/2/2008,0.1,1.4,0.8,7.903
4/3/2008,0,0.2,0.6,5.411
4/4/2008,0,0.6,0.7,6.229
4/5/2008,0,3.6,1.1,4.522
4/6/2008,0,8.2,1.6,4.171
4/7/2008,0,9.1,1.8,3.79
4/8/2008,0,6.8,1.5,4.32
4/9/2008,0,6.7,1.5,3.484
4/10/2008,0.7,9.2,1.9,4.122
4/11/2008,0.1,9.5,1.9,3.694
4/12/2008,0,8.5,1.8,2.983
4/13/2008,5.6,8,1.7,3.066
4/14/2008,0,8.2,1.8,3.276
4/15/2008,0,7.7,1.7,3.327
4/16/2008,0.6,9.6,2,2.92
4/17/2008,10.2,8.4,1.8,3.499
4/18/2008,0,9.1,2,3.885
4/19/2008,0,12.8,2.5,3.273
4/20/2008,0,13.5,2.6,2.617
4/21/2008,0,15.3,2.9,2.433
4/22/2008,5.8,14.5,2.8,2.709
4/23/2008,5.9,8.6,1.9,2.598
4/24/2008,0,8.8,2,3.211
4/25/2008,0,9.2,2.1,2.626
4/26/2008,0,11.8,2.5,2.102
4/27/2008,0.3,13,2.7,2.16
4/28/2008,9,13,2.6,2.218
4/29/2008,8.7,10.3,2.3,4.186
4/30/2008,1.3,9.8,2.2,5.335
5/1/2008,3.4,8.5,2,2.801
5/2/2008,4.1,6.6,1.7,2.502
5/3/2008,5.4,6.8,1.8,3.286
5/4/2008,0,8.5,2.1,3.408
5/5/2008,0,10.7,2.4,3.755
5/6/2008,0,14,2.9,3.501
5/7/2008,1.3,13.2,2.9,3.344
5/8/2008,15.9,12.7,2.8,3.677
5/9/2008,5.2,7.3,1.9,7.689
5/10/2008,0.1,6.2,1.8,6.918
5/11/2008,0.4,8.8,2.2,5.33
5/12/2008,4.7,6.6,1.9,5.759
5/13/2008,1.2,5.9,1.8,6.361
5/14/2008,0,7.9,2.1,6.28
5/15/2008,0,12,2.8,4.985
5/16/2008,12.7,14.5,3.2,6.162
5/17/2008,16.6,14.1,3.1,10.541
5/18/2008,27.5,12.9,2.9,14.365
5/19/2008,3.2,8.6,2.2,23.783
5/20/2008,1.1,9.7,2.4,20.797
5/21/2008,4.8,8.7,2.3,16.973
5/22/2008,0.1,11.5,2.8,14.636
5/23/2008,0.3,14.6,3.3,11.449
5/24/2008,1.3,17.3,3.7,9.543
5/25/2008,6.5,14.1,3.2,7.982
5/26/2008,1.2,14.7,3.3,8.765
5/27/2008,4.6,11.9,2.8,7.164
5/28/2008,0,11.4,2.8,7.104
5/29/2008,0,13.8,3.2,6.393
5/30/2008,0,18.9,4.1,5.872
5/31/2008,13.4,17,3.8,4.953
6/1/2008,6,11.9,2.9,5.791
6/2/2008,19.1,9.6,2.5,6.818
6/3/2008,1.1,11.9,2.9,10.324
6/4/2008,0,15.5,3.5,8.024
6/5/2008,0,18.6,4.1,6.935
6/6/2008,0,22.2,4.7,7.231
6/7/2008,0,22.6,4.7,4.903
6/8/2008,2,19.5,4.2,4.548
6/9/2008,0.6,19.6,4.3,4.181
6/10/2008,0.3,21,4.5,3.923
6/11/2008,0,22.5,4.8,4.343
6/12/2008,0,20,4.3,2.761
6/13/2008,0,16.3,3.7,3.186
6/14/2008,0,16.3,3.7,2.643
6/15/2008,0,17.1,3.8,2.267
6/16/2008,0,18,4,2.062
6/17/2008,0,19.2,4.2,1.959
6/18/2008,0,20.5,4.4,1.9
6/19/2008,0.2,20.3,4.4,1.748
6/20/2008,0.7,16.9,3.8,1.607
6/21/2008,34.8,14.3,3.4,1.918
6/22/2008,1,9.5,2.6,6.962
6/23/2008,7.6,8.3,2.3,3.163
6/24/2008,0.2,9.7,2.6,3.587
6/25/2008,0,10.9,2.8,2.529
6/26/2008,0,13.7,3.2,2.281
6/27/2008,0,16.3,3.7,2.254
6/28/2008,0,18.8,4.1,1.889
6/29/2008,0.3,16,3.7,1.592
6/30/2008,0.1,16.3,3.7,1.414
7/1/2008,1.7,14.7,3.4,1.388
7/2/2008,0,13,3.1,1.283
7/3/2008,0.2,16.5,3.7,1.288
7/4/2008,0.6,18.4,4.1,1.31
7/5/2008,28.1,15.3,3.5,1.477
7/6/2008,0.6,12.9,3.1,3.111
7/7/2008,48.2,9.8,2.5,3.27
7/8/2008,1.3,10.8,2.7,15.16
7/9/2008,0.1,13.6,3.2,8.581
7/10/2008,1.8,14.3,3.3,5.936
7/11/2008,0,15.7,3.5,5.342
7/12/2008,0,17.7,3.9,4.686
7/13/2008,0,18.7,4,4.09
7/14/2008,0,20.7,4.3,3.704
7/15/2008,0,20.9,4.4,3.563
7/16/2008,0,20.1,4.2,3.209
7/17/2008,0,18.1,3.9,2.968
7/18/2008,0,18.1,3.8,2.461
7/19/2008,0,17.8,3.8,2.255
7/20/2008,0,17.1,3.7,1.86
7/21/2008,0,17.6,3.8,1.643
7/22/2008,0,21.1,4.3,1.442
7/23/2008,4.1,20.3,4.2,1.265
7/24/2008,0.1,18.8,3.9,1.095
7/25/2008,0,18.1,3.8,1.217
7/26/2008,0,18.8,3.9,1.021
7/27/2008,9.3,19.2,3.9,0.908
7/28/2008,0,19.8,4,1.076
7/29/2008,1.3,20.7,4.1,0.94
7/30/2008,0,18.1,3.7,0.748
7/31/2008,0,19.9,4,0.597
8/1/2008,0,20.8,4.1,0.526
8/2/2008,2.4,17.5,3.6,0.431
8/3/2008,0.9,18.1,3.7,0.705
8/4/2008,0,17.3,3.5,0.688
8/5/2008,1.8,17,3.4,0.452
8/6/2008,6,17.4,3.5,0.262
8/7/2008,0.5,16.3,3.3,0.542
8/8/2008,0,19.4,3.8,0.42
8/9/2008,0.6,20.8,4,0.777
8/10/2008,14.4,17.4,3.4,0.478
8/11/2008,1.1,16.6,3.3,1.498
8/12/2008,3.5,14.6,3,1.08
8/13/2008,0.4,15.3,3,0.59
8/14/2008,0.4,14.8,3,0.567
8/15/2008,0,16.3,3.2,0.567
8/16/2008,0,17.1,3.2,0.567
8/17/2008,0,18.2,3.4,0.493
8/18/2008,0,19,3.5,0.256
8/19/2008,0,21,3.8,0.241
8/20/2008,12.6,18.1,3.3,0.208
8/21/2008,5.4,16.4,3,0.444
8/22/2008,0,15.8,2.9,0.902
8/23/2008,1.8,16.8,3.1,0.52
8/24/2008,0.6,15,2.8,0.247
8/25/2008,0.2,15,2.7,0.253
8/26/2008,0.8,14.3,2.6,0.239
8/27/2008,4.1,14.1,2.6,0.208
8/28/2008,1.2,11.9,2.3,0.208
8/29/2008,0.1,12.4,2.3,0.208
8/30/2008,0,12.3,2.3,0.208
8/31/2008,0,13,2.4,0.208
9/1/2008,0,12.1,2.3,0.208
9/2/2008,0,12.1,2.2,0.208
9/3/2008,0,12,2.2,0.208
9/4/2008,0,13.6,2.4,0.215
9/5/2008,0,15.2,2.6,0.253
9/6/2008,0,14,2.4,0.21
9/7/2008,0,11.6,2.1,0.208
9/8/2008,0,10.4,1.9,0.229
9/9/2008,0,10.6,1.9,0.208
9/10/2008,0,10.1,1.8,0.208
9/11/2008,0,10.6,1.9,0.208
9/12/2008,0.1,11.3,1.9,0.208
9/13/2008,0,9.5,1.7,0.208
9/14/2008,0,8.9,1.6,0.208
9/15/2008,0,9.7,1.7,0.208
9/16/2008,0,9.9,1.7,0.208
9/17/2008,0,12.1,1.9,0.208
9/18/2008,9.2,12.1,1.9,0.476
9/19/2008,9.4,11.7,1.8,0.612
9/20/2008,0.2,9.7,1.6,0.737
9/21/2008,5.5,11.5,1.8,0.865
9/22/2008,2.4,9.2,1.5,0.768
9/23/2008,0,7.9,1.3,0.955
9/24/2008,0.5,8.5,1.4,1.61
9/25/2008,7.7,9.6,1.5,2.219
9/26/2008,1.4,11.6,1.7,2.42
9/27/2008,3.8,13.2,1.9,1.828
9/28/2008,0,10.8,1.6,1.025
9/29/2008,0,11.8,1.7,0.702
9/30/2008,0.9,15,2,0.536
10/1/2008,17.1,11.1,1.6,0.411
10/2/2008,1.7,7.9,1.2,1.618
10/3/2008,0.1,8.1,1.2,1.442
10/4/2008,2.9,8.8,1.3,0.959
10/5/2008,1,7.2,1.1,0.634
10/6/2008,0.2,6.5,1,0.579
10/7/2008,0.7,7.9,1.1,0.717
10/8/2008,1,8.8,1.2,0.551
10/9/2008,2,10,1.3,0.437
10/10/2008,1,10,1.3,0.344
10/11/2008,0,8.9,1.2,0.267
10/12/2008,0,11.5,1.4,0.345
10/13/2008,0.6,12.9,1.5,0.363
10/14/2008,12.4,13.4,1.5,0.319
10/15/2008,8.9,10.2,1.2,0.276
10/16/2008,0.5,7.9,1,0.721
10/17/2008,1.8,6.4,0.9,1.155
10/18/2008,2.3,7.5,0.9,0.892
10/19/2008,2.7,10.2,1.1,0.611
10/20/2008,2.5,10.2,1.1,0.432
10/21/2008,6.1,13,1.3,0.405
10/22/2008,0,9.3,1,0.728
10/23/2008,0,8.9,1,0.989
10/24/2008,0,11.9,1.2,0.757
10/25/2008,0,11.9,1.2,0.526
10/26/2008,0,9.6,1,0.37
10/27/2008,0.1,10.2,1,0.249
10/28/2008,4.2,12.6,1.2,0.21
10/29/2008,3.4,9.9,1,0.208
10/30/2008,0,5.7,0.7,0.225
10/31/2008,2.5,6.9,0.8,0.403
11/1/2008,2.1,10.4,1,0.405
11/2/2008,0.1,9.1,0.9,0.405
11/3/2008,0.1,7.1,0.7,0.405
11/4/2008,12.1,11.5,1,0.405
11/5/2008,1.5,7.5,0.7,0.562
11/6/2008,0.4,8.2,0.8,1.262
11/7/2008,8.1,11.9,1,1.24
11/8/2008,0.5,6.6,0.7,1.223
11/9/2008,0,5.1,0.6,1.545
11/10/2008,2.7,7.1,0.7,1.23
11/11/2008,7.7,10.6,0.8,0.979
11/12/2008,45.7,8,0.7,1.183
11/13/2008,5.7,5.7,0.6,4.909
11/14/2008,1.5,1.8,0.4,5.438
11/15/2008,7.8,1.2,0.3,4.956
11/16/2008,1.4,3.1,0.4,4.437
11/17/2008,9.2,2.8,0.4,4.087
11/18/2008,13,1.3,0.3,4.094
11/19/2008,3.4,1.8,0.4,5.183
11/20/2008,1.8,3.9,0.4,5.729
11/21/2008,8.2,1.7,0.3,6.213
11/22/2008,0.5,-1.5,0.2,5.995
11/23/2008,1.6,-1.4,0.2,5.438
11/24/2008,7.2,-0.6,0.2,4.93
11/25/2008,20.6,4.2,0.4,5.331
11/26/2008,3.2,3.2,0.4,9.175
11/27/2008,8.7,2.3,0.4,11.076
11/28/2008,3.6,-1.2,0.2,11.826
11/29/2008,25.3,2.9,0.4,12.263
11/30/2008,8.8,6.1,0.5,15.613
12/1/2008,1.9,4.6,0.4,19.475
12/2/2008,0.4,5.5,0.5,19.845
12/3/2008,0.1,4.6,0.4,19.237
12/4/2008,0.3,7.6,0.5,17.109
12/5/2008,0.8,7.4,0.5,15.001
12/6/2008,2.2,6.3,0.5,13.325
12/7/2008,0,5.4,0.4,11.446
12/8/2008,0,0.6,0.2,8.886
12/9/2008,0.2,0.1,0.2,7.506
12/10/2008,0,0.3,0.2,6.838
12/11/2008,0,1.7,0.3,5.87
12/12/2008,6.4,4.9,0.4,5.149
12/13/2008,16.4,7.7,0.5,4.792
12/14/2008,1.1,2.8,0.3,5.498
12/15/2008,0,-1,0.2,5.961
12/16/2008,0,1.1,0.3,5.86
12/17/2008,0,5.6,0.4,5.856
12/18/2008,0.7,6.9,0.5,5.756
12/19/2008,2,7.7,0.5,5.399
12/20/2008,0.1,6.4,0.5,5.263
12/21/2008,4.2,5.7,0.4,4.292
12/22/2008,13.3,8,0.5,4.104
12/23/2008,12.2,7.4,0.5,4.915
12/24/2008,0.2,4.3,0.4,7.113
12/25/2008,1,-1.3,0.2,7.529
12/26/2008,0,-7.8,0,
12/27/2008,0,-8.1,0,
12/28/2008,0.1,-7.8,0,
12/29/2008,0,-9.1,0,
12/30/2008,1.1,-7.6,0,
12/31/2008,1,-7.7,0,
1/1/2009,0.8,-6.3,0,3.4
1/2/2009,6.4,-5.3,0,3.5
1/3/2009,1.4,-2.9,0.1,3.6
1/4/2009,7.8,-1.6,0.1,5.371
1/5/2009,0.4,-3.1,0.1,4.525
1/6/2009,0,-2.8,0.1,3.829
1/7/2009,0,-5.4,0,3.928
1/8/2009,6.4,-2.3,0.1,3.873
1/9/2009,1.5,1.5,0.3,3.828
1/10/2009,1.3,-0.4,0.2,3.845
1/11/2009,0,-2,0.1,4.169
1/12/2009,0.1,-4.3,0,3.501
1/13/2009,0,-3.8,0.1,3.439
1/14/2009,0,-0.7,0.2,3.968
1/15/2009,0,3.3,0.4,3.596
1/16/2009,0,5,0.5,3.426
1/17/2009,2.5,5.3,0.5,3.009
1/18/2009,2.6,4.7,0.5,3.184
1/19/2009,4.4,4.4,0.4,3.899
1/20/2009,10.9,2.1,0.4,4.357
1/21/2009,0.3,5.6,0.5,6.216
1/22/2009,0.2,11.2,0.8,5.883
1/23/2009,0,9.2,0.7,5.591
1/24/2009,1.2,7.9,0.7,5.16
1/25/2009,0,6.2,0.6,4.44
1/26/2009,0.2,1.6,0.3,3.964
1/27/2009,0.4,0.9,0.3,4.041
1/28/2009,0.8,-2.5,0.2,4.273
1/29/2009,0,-1.2,0.2,3.966
1/30/2009,0.1,-0.8,0.2,3.884
1/31/2009,0,-1.9,0.2,3.839
2/1/2009,0,-1.6,0.2,3.778
2/2/2009,0,0.5,0.3,3.115
2/3/2009,0,0,0.3,3.299
2/4/2009,0.9,1,0.3,3.726
2/5/2009,5.7,4.8,0.6,3.281
2/6/2009,0,1.2,0.4,3.322
2/7/2009,0,5.2,0.6,2.87
2/8/2009,0,4.2,0.6,2.489
2/9/2009,0,4.4,0.6,2.011
2/10/2009,3.4,8.4,0.9,1.696
2/11/2009,1.1,7.6,0.8,1.898
2/12/2009,1.1,9.4,1,2.276
2/13/2009,10.8,5.7,0.7,2.334
2/14/2009,10.4,8.1,0.9,2.392
2/15/2009,2.6,3.3,0.6,3.493
2/16/2009,0.2,2,0.5,4.279
2/17/2009,0,5.2,0.7,4.102
2/18/2009,0.2,7.4,0.9,3.785
2/19/2009,0.6,5.6,0.8,3.897
2/20/2009,0,7.3,0.9,3.524
2/21/2009,0,5.6,0.8,3.571
2/22/2009,0,6,0.8,2.919
2/23/2009,0.5,8.4,1,2.485
2/24/2009,0.3,10.1,1.2,2.267
2/25/2009,1.6,12.6,1.4,2.453
2/26/2009,7.4,8,1.1,2.287
2/27/2009,0,4.2,0.8,2.593
2/28/2009,0,8,1.1,2.715
3/1/2009,0,11.1,1.3,3.044
3/2/2009,0,10.4,1.3,2.279
3/3/2009,0,9.1,1.2,1.875
3/4/2009,0,13.4,1.6,1.66
3/5/2009,2.1,7.7,1.1,1.449
3/6/2009,1.9,6.5,1,1.351
3/7/2009,0,5.4,0.9,1.564
3/8/2009,0,6,1,1.397
3/9/2009,0,6.9,1.1,1.488
3/10/2009,0,8.8,1.3,1.224
3/11/2009,0,8.7,1.3,1.294
3/12/2009,0,9.8,1.4,1.034
3/13/2009,0,7.6,1.3,1.16
3/14/2009,0.4,5.8,1.1,0.94
3/15/2009,0.7,8.1,1.3,0.841
3/16/2009,0,7.9,1.3,0.63
3/17/2009,0,6.3,1.1,0.567
3/18/2009,3.5,9.5,1.5,0.567
3/19/2009,3.4,5.2,1.1,0.673
3/20/2009,0.1,4.2,1,1.108
3/21/2009,0,5.1,1.1,1.547
3/22/2009,0,4.2,1,1.091
3/23/2009,0,7.7,1.4,0.839
3/24/2009,0,6.6,1.3,0.944
3/25/2009,0.9,6.1,1.3,1.344
3/26/2009,0,6.9,1.4,1.371
3/27/2009,0.1,10.7,1.8,1.36
3/28/2009,1,7.9,1.5,1.275
3/29/2009,0,4.4,1.1,1.273
3/30/2009,0,5.3,1.2,1.253
3/31/2009,0,6,1.3,1.129
4/1/2009,0,8.6,1.6,1.028
4/2/2009,0,10.6,1.9,0.949
4/3/2009,0,10.6,1.9,0.908
4/4/2009,0,6.3,1.4,0.985
4/5/2009,0,6.8,1.5,0.995
4/6/2009,0,7.1,1.5,0.918
4/7/2009,0,6.3,1.4,0.908
4/8/2009,0,9.3,1.8,0.818
4/9/2009,0,10.7,2,0.635
4/10/2009,0,12,2.2,0.489
4/11/2009,0,11.4,2.1,0.407
4/12/2009,0,5.8,1.4,0.405
4/13/2009,0.1,5.4,1.4,0.405
4/14/2009,0,7.7,1.7,0.405
4/15/2009,0,7.3,1.7,0.556
4/16/2009,0,5.8,1.5,0.692
4/17/2009,0,5,1.4,0.64
4/18/2009,0,6.8,1.6,0.589
4/19/2009,0,9.1,2,0.567
4/20/2009,0,4.9,1.4,0.567
4/21/2009,0,4.8,1.4,0.556
4/22/2009,0,5.5,1.5,0.508
4/23/2009,0,6.9,1.7,0.46
4/24/2009,0,10.2,2.2,0.415
4/25/2009,1.9,13.9,2.7,0.405
4/26/2009,15.1,11.7,2.4,0.468
4/27/2009,5.9,9.9,2.2,1.455
4/28/2009,2.4,11.5,2.5,1.874
4/29/2009,3.7,9,2.1,1.504
4/30/2009,0,9.8,2.2,1.394
5/1/2009,0,10.7,2.4,1.121
5/2/2009,0,14.6,3,0.752
5/3/2009,1.9,16.4,3.3,0.745
5/4/2009,16.9,17,3.4,0.661
5/5/2009,13.3,12.4,2.7,1.861
5/6/2009,5.3,6.8,1.8,3.094
5/7/2009,2.3,4.1,1.4,2.981
5/8/2009,5.8,6.1,1.7,2.123
5/9/2009,10.3,8.3,2.1,2.631
5/10/2009,0.5,11.9,2.7,3.432
5/11/2009,16,11.1,2.6,2.517
5/12/2009,7.4,11,2.6,4.523
5/13/2009,5.2,13.4,2.9,4.013
5/14/2009,0,13.7,3,3.801
5/15/2009,2.6,17.3,3.6,2.562
5/16/2009,0,17.9,3.7,2.605
5/17/2009,7.7,15.2,3.3,2.126
5/18/2009,0,14.2,3.2,2.72
5/19/2009,17.9,14.6,3.2,2.491
5/20/2009,0.7,12.6,2.9,5.931
5/21/2009,3.2,11.7,2.8,4.111
5/22/2009,0.2,11.6,2.8,3.462
5/23/2009,0,13.8,3.1,3.457
5/24/2009,1.6,14.7,3.3,2.545
5/25/2009,2.7,15.8,3.5,2.734
5/26/2009,0,16.2,3.6,2.619
5/27/2009,0,16.7,3.7,1.945
5/28/2009,0,13.4,3.1,1.833
5/29/2009,0,14.2,3.3,1.578
5/30/2009,0,16.3,3.6,1.448
5/31/2009,1.3,15.4,3.5,1.338
6/1/2009,8.6,8.7,2.4,1.355
6/2/2009,2.5,12.7,3,1.632
6/3/2009,3.6,14.6,3.4,1.551
6/4/2009,1.8,17.7,3.9,1.631
6/5/2009,0.6,16.3,3.7,1.226
6/6/2009,0,19.3,4.2,1.132
6/7/2009,11.2,18.5,4.1,1.068
6/8/2009,0.6,17.4,3.9,1.149
6/9/2009,0,18.2,4,1.138
6/10/2009,0,21,4.5,0.964
6/11/2009,5,21.5,4.6,0.733
6/12/2009,6.4,18.4,4.1,0.663
6/13/2009,3.4,16.7,3.8,1.062
6/14/2009,0.2,15.8,3.6,1.075
6/15/2009,0.1,16,3.6,0.805
6/16/2009,6.1,14.3,3.3,0.734
6/17/2009,0.3,14.2,3.4,0.92
6/18/2009,0,15,3.5,0.893
6/19/2009,9.3,14.6,3.4,0.704
6/20/2009,3.1,14.2,3.4,0.916
6/21/2009,19.4,13.1,3.1,1.346
6/22/2009,2.7,11.9,2.9,2.433
6/23/2009,6.5,12.6,3.1,1.672
6/24/2009,0.2,12.3,3,1.203
6/25/2009,2.9,13.1,3.2,1.526
6/26/2009,7.1,13.5,3.2,1.353
6/27/2009,0.7,11.4,2.8,1.596
6/28/2009,13.3,14.4,3.4,1.271
6/29/2009,3.5,14.1,3.3,1.801
6/30/2009,6.2,12.3,3,1.79
7/1/2009,1.3,14.7,3.4,1.661
7/2/2009,10,13.3,3.2,1.716
7/3/2009,1.1,12.7,3,2.791
7/4/2009,6.1,14.1,3.3,2.132
7/5/2009,2.9,12.3,3,2.248
7/6/2009,0.1,14.1,3.3,2.26
7/7/2009,0,15.5,3.6,1.81
7/8/2009,0,17.3,3.8,1.412
7/9/2009,0,18.5,4,1.443
7/10/2009,6.5,17.8,3.9,1.251
7/11/2009,2.3,17.5,3.8,1.32
7/12/2009,0,18.5,4,1.275
7/13/2009,0.3,20.2,4.3,1.122
7/14/2009,5.9,19,4.1,1.062
7/15/2009,0,19,4.1,1.145
7/16/2009,0.2,20.2,4.3,1.014
7/17/2009,1.3,19.1,4.1,0.783
7/18/2009,4.1,15.1,3.4,0.783
7/19/2009,3.7,13.9,3.2,0.848
7/20/2009,0,16.1,3.5,0.961
7/21/2009,0,16.1,3.5,0.842
7/22/2009,3.3,18.8,3.9,0.77
7/23/2009,0.7,20,4.1,0.824
7/24/2009,6.8,19.5,4,0.674
7/25/2009,8.2,16.6,3.5,0.782
7/26/2009,0.3,18.4,3.8,1.118
7/27/2009,0,19.8,4,1.071
7/28/2009,0,20.1,4.1,0.825
7/29/2009,0,21.2,4.2,0.631
7/30/2009,0,22.2,4.4,0.541
7/31/2009,0,18.4,3.7,0.481
8/1/2009,0,17.4,3.6,0.467
8/2/2009,0,20.4,4,0.468
8/3/2009,0,22.4,4.3,0.447
8/4/2009,17.1,21.9,4.2,0.452
8/5/2009,4.3,20.4,4,2.39
8/6/2009,0.8,19.7,3.8,1.328
8/7/2009,5.4,19.1,3.7,1.522
8/8/2009,0,21.7,4.1,1.247
8/9/2009,0,22.6,4.2,1.051
8/10/2009,0,23.9,4.4,0.739
8/11/2009,9,19.5,3.7,0.721
8/12/2009,0,22.4,4.1,0.748
8/13/2009,0.2,23.4,4.2,0.704
8/14/2009,0,22.8,4.2,0.704
8/15/2009,1,21.7,3.9,0.872
8/16/2009,6.9,17.9,3.4,0.935
8/17/2009,0.1,19.8,3.6,1.656
8/18/2009,0,20.8,3.7,0.918
8/19/2009,0,20.7,3.7,0.671
8/20/2009,0,21.3,3.8,0.634
8/21/2009,0,22,3.8,0.633
8/22/2009,0,22.1,3.8,0.633
8/23/2009,0,23.1,3.9,0.463
8/24/2009,0.8,23.1,3.9,0.428
8/25/2009,13.3,21.5,3.7,0.667
8/26/2009,5.7,17.6,3.1,1.965
8/27/2009,32.1,17.3,3,1.326
8/28/2009,4.2,13.9,2.5,4.912
8/29/2009,1.6,14.1,2.6,3.066
8/30/2009,0.2,16.6,2.9,1.625
8/31/2009,0,20,3.3,1.231
9/1/2009,25.6,16.5,2.8,1.813
9/2/2009,5.9,14.1,2.5,5.417
9/3/2009,0.1,15,2.6,4.295
9/4/2009,0,17.6,2.9,3.155
9/5/2009,0.2,19.5,3.1,2.588
9/6/2009,0.5,15,2.5,2.116
9/7/2009,0.1,14.6,2.4,2.106
9/8/2009,0,14.2,2.4,1.934
9/9/2009,0,15.1,2.5,1.796
9/10/2009,0,13,2.2,1.443
9/11/2009,0,16.2,2.6,1.462
9/12/2009,15.4,15.8,2.5,1.399
9/13/2009,3.4,11.1,1.9,2.977
9/14/2009,0,9.1,1.6,2.586
9/15/2009,0,10.6,1.8,1.923
9/16/2009,0,14.9,2.3,1.751
9/17/2009,0,15.9,2.4,1.581
9/18/2009,0,16,2.3,1.422
9/19/2009,0,15.8,2.3,1.443
9/20/2009,0.1,15.3,2.2,1.348
9/21/2009,0.2,15.5,2.2,1.351
9/22/2009,0.1,15.1,2.1,1.219
9/23/2009,0.1,14.8,2.1,1.31
9/24/2009,0,13.9,2,1.225
9/25/2009,0,14.4,2,1.271
9/26/2009,0,15.3,2.1,1.129
9/27/2009,0,15.1,2,1.165
9/28/2009,0,14.6,2,1.129
9/29/2009,0,14.7,1.9,1.046
9/30/2009,0,14.8,1.9,0.782
10/1/2009,0,14.9,1.9,0.705
10/2/2009,0,14.8,1.9,0.673
10/3/2009,0,12.4,1.6,0.648
10/4/2009,0,10.5,1.5,0.946
10/5/2009,0,14.1,1.8,0.926
10/6/2009,1.9,15.7,1.9,0.854
10/7/2009,1,15.2,1.8,0.808
10/8/2009,0,16.8,1.9,0.864
10/9/2009,0,17.9,2,1.004
10/10/2009,9.8,16.6,1.9,0.92
10/11/2009,5.9,13.1,1.5,1.42
10/12/2009,9.4,9.9,1.2,1.744
10/13/2009,4.2,6,0.9,2.715
10/14/2009,1.8,5.1,0.8,1.904
10/15/2009,10.8,6.8,1,1.836
10/16/2009,3.5,9.8,1.2,2.323
10/17/2009,0,10.2,1.2,3.205
10/18/2009,0,13.8,1.4,2.036
10/19/2009,0,14,1.5,1.532
10/20/2009,0,13,1.4,1.334
10/21/2009,0,12.2,1.3,1.351
10/22/2009,1.2,12,1.2,1.363
10/23/2009,0.7,11.7,1.2,1.518
10/24/2009,0,5.4,0.7,1.651
10/25/2009,0,2.4,0.5,1.536
10/26/2009,0,3.8,0.6,1.615
10/27/2009,0,3.7,0.6,1.612
10/28/2009,0,-1,0.3,1.557
10/29/2009,0,-1.6,0.2,1.565
10/30/2009,0,-0.7,0.3,1.446
10/31/2009,0,-0.8,0.3,1.615
11/1/2009,0,0.2,0.3,1.615
11/2/2009,0,3,0.5,1.615
11/3/2009,1.1,8.5,0.8,1.578
11/4/2009,8.9,11.4,1,1.176
11/5/2009,5.9,11.2,1,1.045
11/6/2009,15.3,13.1,1.1,1.628
11/7/2009,2.2,8.9,0.8,2.467
11/8/2009,6.5,9.6,0.8,2.024
11/9/2009,0.5,8.8,0.8,1.853
11/10/2009,1.3,6.8,0.7,1.587
11/11/2009,4.2,7,0.7,1.43
11/12/2009,3.3,5,0.6,1.609
11/13/2009,0.9,4.6,0.5,1.959
11/14/2009,0.1,4,0.5,1.606
11/15/2009,0.1,5,0.5,1.432
11/16/2009,0.2,8.7,0.7,1.523
11/17/2009,0,8.7,0.7,1.321
11/18/2009,4.8,8.6,0.7,1.438
11/19/2009,3.7,8.9,0.7,1.622
11/20/2009,3.4,7.3,0.6,1.681
11/21/2009,0,6.4,0.5,1.759
11/22/2009,1.3,5.5,0.5,1.626
11/23/2009,0.1,4.3,0.5,1.401
11/24/2009,1.6,3.7,0.4,1.563
11/25/2009,0.5,8,0.6,1.477
11/26/2009,1.7,8.8,0.6,1.534
11/27/2009,1.8,8.1,0.6,1.407
11/28/2009,3.7,7.5,0.6,1.52
11/29/2009,4.3,7.7,0.6,
11/30/2009,9.2,6.1,0.5,
12/1/2009,3.8,3.5,0.4,
12/2/2009,9.3,2,0.3,
12/3/2009,5.8,-2.1,0.1,
12/4/2009,1.5,-2.2,0.1,
12/5/2009,0.1,-1.6,0.2,
12/6/2009,0,-3.2,0.1,
12/7/2009,0.1,-1.2,0.2,
12/8/2009,4.8,5.1,0.4,
12/9/2009,0,5.5,0.4,
12/10/2009,3.5,7,0.5,
12/11/2009,10.5,12,0.7,
12/12/2009,3.8,5.5,0.4,
12/13/2009,0,2.3,0.3,
12/14/2009,1.1,-0.7,0.2,
12/15/2009,1.3,-1,0.2,
12/16/2009,0.2,-2,0.1,
12/17/2009,1.2,7.7,0.5,
12/18/2009,15.3,9.7,0.6,
12/19/2009,3.6,6.2,0.4,
12/20/2009,1.8,5.8,0.4,
12/21/2009,0.6,4.5,0.4,
12/22/2009,1.4,2.9,0.3,
12/23/2009,1.5,5,0.4,
12/24/2009,1.4,8.3,0.5,
12/25/2009,5.5,11.6,0.7,
12/26/2009,3.7,6.8,0.5,
12/27/2009,6.8,4,0.4,
12/28/2009,1.2,2.1,0.3,
12/29/2009,0.1,-0.2,0.2,
12/30/2009,0.2,4,0.3,
12/31/2009,9.9,7.1,0.5,
1/1/2010,0.9,4.8,0.4,
1/2/2010,12,6.7,0.5,
1/3/2010,2.5,8.1,0.6,
1/4/2010,1.7,6.5,0.5,
1/5/2010,7.3,7,0.5,
1/6/2010,2.3,7,0.5,
1/7/2010,0.2,7.8,0.5,
1/8/2010,0,6.4,0.5,
1/9/2010,0,5,0.4,
1/10/2010,0,5.6,0.5,
1/11/2010,0,8,0.6,
1/12/2010,0,7.6,0.6,
1/13/2010,4.1,9,0.6,
1/14/2010,0.1,4.5,0.4,
1/15/2010,10.4,3.6,0.4,
1/16/2010,10.2,5.9,0.5,
1/17/2010,0.1,2.3,0.3,
1/18/2010,17,4,0.4,
1/19/2010,4.2,4.5,0.4,
1/20/2010,2.2,0,0.3,
1/21/2010,0,-0.2,0.2,
1/22/2010,0.3,-2.8,0.1,
1/23/2010,0.1,-2.3,0.1,
1/24/2010,2.4,-3.1,0.1,
1/25/2010,2.1,-2.7,0.1,
1/26/2010,0.3,-3.9,0,
1/27/2010,0,-3.4,0.1,
1/28/2010,0,-3.3,0.1,
1/29/2010,0,-3.6,0.1,
1/30/2010,0,-2.6,0.1,
1/31/2010,0.1,-3,0.1,
2/1/2010,0,-2.3,0.2,
2/2/2010,0,-2,0.2,
2/3/2010,0,-3.6,0.1,
2/4/2010,0,-4.2,0.1,
2/5/2010,0,-3.4,0.1,
2/6/2010,0.4,-1.8,0.2,
2/7/2010,2.5,1.3,0.4,
2/8/2010,0,1.2,0.4,
2/9/2010,0,3.6,0.5,
2/10/2010,0,4.6,0.6,
2/11/2010,0,5.7,0.7,
2/12/2010,0,6.7,0.8,
2/13/2010,0,6.7,0.8,
2/14/2010,0,7.8,0.9,
2/15/2010,0,7,0.8,
2/16/2010,0,8.5,1,
2/17/2010,0,4.2,0.6,
2/18/2010,0,4.8,0.7,
2/19/2010,0,6.1,0.8,
2/20/2010,0,9.3,1.1,
2/21/2010,13.6,9.2,1.1,
2/22/2010,8.1,4.4,0.7,
2/23/2010,0,2.1,0.5,
2/24/2010,0,4.5,0.7,
2/25/2010,0.1,6.8,0.9,
2/26/2010,0,6.5,0.9,
2/27/2010,0.4,7.2,1,
2/28/2010,3.4,6.1,0.9,
3/1/2010,0.4,5,0.8,
3/2/2010,0,5.4,0.9,
3/3/2010,0,10.8,1.4,
3/4/2010,3.5,15.5,1.8,
3/5/2010,0,6.2,1,
3/6/2010,0,8.1,1.2,
3/7/2010,2.2,9.9,1.3,
3/8/2010,19.8,5.9,1,
3/9/2010,0.3,1.8,0.6,
3/10/2010,5.1,1,0.6,
3/11/2010,12,3.2,0.8,
3/12/2010,1.6,1.4,0.6,
3/13/2010,0.2,1,0.6,
3/14/2010,0,3.3,0.8,
3/15/2010,0,5.5,1,
3/16/2010,0,6.3,1.1,
3/17/2010,0,6.3,1.2,
3/18/2010,0,6,1.1,
3/19/2010,0,4.7,1,
3/20/2010,0,3.9,0.9,
3/21/2010,0.2,4.7,1.1,
3/22/2010,0,2.6,0.8,
3/23/2010,0.2,2.3,0.8,
3/24/2010,0,0.2,0.6,
3/25/2010,0,2.2,0.8,
3/26/2010,0.2,5.4,1.2,
3/27/2010,0,8.4,1.5,
3/28/2010,0,10.7,1.8,
3/29/2010,0,12.3,2,
3/30/2010,0,10.7,1.8,
3/31/2010,1.8,11,1.9,
4/1/2010,5.3,9.1,1.7,
4/2/2010,5.4,9.3,1.8,
4/3/2010,14.7,13.8,2.3,
4/4/2010,1,7.9,1.6,
4/5/2010,1.8,8,1.6,
4/6/2010,6.4,8.8,1.8,
4/7/2010,6.7,7.8,1.6,
4/8/2010,2.4,6.5,1.5,
4/9/2010,1,5.8,1.4,
4/10/2010,2,5,1.3,
4/11/2010,3.6,3.8,1.1,
4/12/2010,10,2.2,0.9,
4/13/2010,2.8,-0.1,0.7,
4/14/2010,1.3,3.3,1.1,
4/15/2010,11.8,5.1,1.4,
4/16/2010,4.9,4.6,1.3,
4/17/2010,13,4.3,1.3,
4/18/2010,10.5,3.4,1.2,
4/19/2010,3.7,5.2,1.4,
4/20/2010,4.5,8.2,1.8,
4/21/2010,0,11.2,2.3,
4/22/2010,0,14.3,2.7,
4/23/2010,0,13.4,2.6,
4/24/2010,0,11.3,2.4,
4/25/2010,5.7,12.6,2.6,
4/26/2010,57.3,9.8,2.2,
4/27/2010,8.6,5.8,1.6,
4/28/2010,0.9,7.3,1.8,
4/29/2010,8.9,8.5,2,
4/30/2010,4.6,9.3,2.2,
5/1/2010,4.6,8.9,2.1,
5/2/2010,1,9.2,2.2,
5/3/2010,0.9,8.2,2,
5/4/2010,0,6.7,1.8,
5/5/2010,0,8.1,2,
5/6/2010,0,10.1,2.3,
5/7/2010,0,13.2,2.8,
5/8/2010,0,16,3.3,
5/9/2010,0,16.7,3.4,
5/10/2010,0,17.8,3.6,
5/11/2010,0,20.3,4.1,
5/12/2010,0.2,19.6,3.9,
5/13/2010,0.2,18.4,3.7,
5/14/2010,4.7,18.3,3.8,
5/15/2010,0.1,17.9,3.7,
5/16/2010,0,15.3,3.3,
5/17/2010,0,14.6,3.2,
5/18/2010,0,13.9,3.1,
5/19/2010,0,14.8,3.3,
5/20/2010,0,16,3.5,
5/21/2010,0,16,3.4,
5/22/2010,0,12.1,2.8,
5/23/2010,0,10.5,2.6,
5/24/2010,0,10.7,2.6,
5/25/2010,6.2,12.3,2.9,
5/26/2010,1.8,12.3,2.9,
5/27/2010,7.1,12.7,3,
5/28/2010,7,10.9,2.7,
5/29/2010,2.7,12.3,2.9,
5/30/2010,11.7,13.5,3.2,
5/31/2010,9.5,10.5,2.6,
6/1/2010,0.1,14.5,3.3,
6/2/2010,12.5,14.9,3.4,
6/3/2010,0.4,15.8,3.6,
6/4/2010,1,18.1,4,
6/5/2010,0.2,21.6,4.6,
6/6/2010,11.4,20.5,4.4,
6/7/2010,1.4,13.8,3.3,
6/8/2010,0,13.8,3.3,
6/9/2010,8.1,18.8,4.1,
6/10/2010,6,15.5,3.5,
6/11/2010,11.5,10.8,2.7,
6/12/2010,4.1,8.9,2.4,
6/13/2010,1.6,11.9,2.9,
6/14/2010,8.7,12.5,3.1,
6/15/2010,6.3,12.1,3,
6/16/2010,0.1,12.4,3,
6/17/2010,0,13.8,3.3,
6/18/2010,0,16.4,3.7,
6/19/2010,0,19,4.2,
6/20/2010,0,22.7,4.8,
6/21/2010,0,23.8,5,
6/22/2010,0,17.8,4,
6/23/2010,0,17.9,4,
6/24/2010,0,19.3,4.2,
6/25/2010,7.1,15.6,3.6,
6/26/2010,0.7,15.7,3.6,
6/27/2010,0.7,18.8,4.2,
6/28/2010,0.4,16,3.7,
6/29/2010,0,18.1,4,
6/30/2010,0,17.7,4,
7/1/2010,20,16.3,3.7,
7/2/2010,4.9,18.2,4,
7/3/2010,4.1,15.9,3.6,
7/4/2010,0.2,16,3.6,
7/5/2010,0.8,17.3,3.8,
7/6/2010,0,18.7,4.1,
7/7/2010,0.1,15.8,3.6,
7/8/2010,0,15,3.4,
7/9/2010,0,16.7,3.7,
7/10/2010,0.4,16.4,3.7,
7/11/2010,0.4,17.6,3.8,
7/12/2010,0,20.3,4.3,
7/13/2010,3.1,17.2,3.8,
7/14/2010,0,13.8,3.2,
7/15/2010,0,14.7,3.3,
7/16/2010,0,17.5,3.8,
7/17/2010,0,18.8,4,
7/18/2010,0,20.6,4.3,
7/19/2010,5.2,23.2,4.7,
7/20/2010,0,26.9,5.3,
7/21/2010,0.1,19.5,4.1,
7/22/2010,0,20.4,4.2,
7/23/2010,0,21.8,4.4,
7/24/2010,0,20.7,4.2,
7/25/2010,0,19.7,4.1,
7/26/2010,11.9,21.5,4.3,
7/27/2010,18,17.6,3.7,
7/28/2010,1.5,16.3,3.5,
7/29/2010,0,18.8,3.8,
7/30/2010,1.8,17.6,3.6,
7/31/2010,0.6,16.7,3.5,
8/1/2010,11.1,13.7,3,
8/2/2010,0.8,13.3,2.9,
8/3/2010,0,15.3,3.2,
8/4/2010,0.7,16.8,3.4,
8/5/2010,0,18,3.6,
8/6/2010,0,18.5,3.7,
8/7/2010,0,20.2,3.9,
8/8/2010,0,23.6,4.4,
8/9/2010,0,25.8,4.7,
8/10/2010,0,26.5,4.8,
8/11/2010,0,26.8,4.8,
8/12/2010,4.8,24.1,4.4,
8/13/2010,0,18.5,3.5,
8/14/2010,0,17.6,3.4,
8/15/2010,0,21.7,4,
8/16/2010,0.1,22.6,4.1,
8/17/2010,1.3,20.2,3.7,
8/18/2010,0.2,19.8,3.6,
8/19/2010,0,19.2,3.5,
8/20/2010,0,19.3,3.5,
8/21/2010,7.5,17.5,3.2,
8/22/2010,8.6,16.5,3.1,
8/23/2010,0.6,16.8,3.1,
8/24/2010,5.7,14.2,2.7,
8/25/2010,0,14.7,2.7,
8/26/2010,0,16.8,3,
8/27/2010,0,13.1,2.5,
8/28/2010,0,10.9,2.2,
8/29/2010,0,10.7,2.1,
8/30/2010,0,12.1,2.3,
8/31/2010,0,17.3,2.9,
9/1/2010,0,19.1,3.1,0.264
9/2/2010,5.5,20.5,3.3,0.284
9/3/2010,0.1,16.4,2.7,0.289
9/4/2010,14.7,14.1,2.5,0.283
9/5/2010,3.1,14.3,2.4,0.684
9/6/2010,0.3,15.6,2.6,0.865
9/7/2010,3.6,16.3,2.7,0.703
9/8/2010,0.3,15.3,2.5,0.32
9/9/2010,0,19.2,3,0.274
9/10/2010,15.8,15.7,2.5,0.308
9/11/2010,19.4,11.7,2,0.994
9/12/2010,6.1,9.8,1.7,1.811
9/13/2010,7.3,7.6,1.5,1.576
9/14/2010,2.8,9.5,1.7,1.556
9/15/2010,4.3,11.3,1.9,1.164
9/16/2010,0.3,13.2,2.1,0.976
9/17/2010,0.1,11.1,1.8,1.059
9/18/2010,0,10.4,1.7,0.94
9/19/2010,0,10.7,1.7,0.781
9/20/2010,0,10.3,1.7,0.697
9/21/2010,0,11.4,1.8,0.585
9/22/2010,0.2,12.6,1.9,0.586
9/23/2010,0.2,13.8,2,0.585
9/24/2010,0.6,13.5,1.9,0.569
9/25/2010,0,15.1,2.1,0.536
9/26/2010,17.6,13.6,1.9,0.551
9/27/2010,9.2,12.9,1.8,1.187
9/28/2010,8.2,12.7,1.8,1.637
9/29/2010,6.6,12.7,1.7,2.296
9/30/2010,0.2,13.1,1.8,1.362
10/1/2010,2,10.5,1.5,1.664
10/2/2010,8.2,10.6,1.5,1.185
10/3/2010,7.7,9.2,1.3,1.337
10/4/2010,6.3,9,1.3,1.817
10/5/2010,2.1,9,1.3,3.05
10/6/2010,10.2,7.5,1.1,1.612
10/7/2010,2.9,6.7,1.1,1.951
10/8/2010,7,7.5,1.1,1.66
10/9/2010,0.1,8.1,1.1,2.546
10/10/2010,2.4,9.4,1.2,1.815
10/11/2010,12.1,10.8,1.3,1.731
10/12/2010,0,9.7,1.2,2.396
10/13/2010,0.5,8.5,1.1,2.022
10/14/2010,0.4,11.4,1.3,1.967
10/15/2010,0,11.6,1.4,1.837
10/16/2010,0,13,1.4,2.251
10/17/2010,6,15.3,1.6,1.644
10/18/2010,0.1,8.3,1,1.463
10/19/2010,0,6.1,0.8,2.624
10/20/2010,0,6,0.8,1.586
10/21/2010,0,7.1,0.9,1.879
10/22/2010,0,9.6,1.1,1.385
10/23/2010,3.2,12.9,1.3,1.589
10/24/2010,16.5,13,1.3,1.365
10/25/2010,5.6,9.9,1.1,2.906
10/26/2010,4.6,8.4,0.9,5.199
10/27/2010,0.6,8.2,0.9,3.728
10/28/2010,0,13.8,1.3,2.846
10/29/2010,9.5,9.5,1,2.339
10/30/2010,5.7,7,0.8,4.46
10/31/2010,3.3,8.7,0.9,2.751
11/1/2010,8.7,8.9,0.9,2.684
11/2/2010,1.6,8.1,0.8,3.918
11/3/2010,7.1,9,0.9,4.45
11/4/2010,1.6,6.2,0.7,6.03
11/5/2010,0,3.5,0.5,4.267
11/6/2010,0.1,3.1,0.5,7.054
11/7/2010,0,3.8,0.5,3.239
11/8/2010,0.2,6.5,0.7,2.434
11/9/2010,12.5,11.2,0.9,4.165
11/10/2010,7.6,9.4,0.8,7.518
11/11/2010,0.4,2.6,0.4,11.456
11/12/2010,4.5,2.1,0.4,5.824
11/13/2010,2.8,3.6,0.5,7.965
11/14/2010,2.8,6.1,0.6,4.382
11/15/2010,4.3,3.9,0.5,4.772
11/16/2010,0.8,1.5,0.3,6.052
11/17/2010,0.1,-0.2,0.2,5.828
11/18/2010,0,-4.1,0.1,5.321
11/19/2010,0,-2.8,0.1,5.08
11/20/2010,0,-2.8,0.1,4.889
11/21/2010,0,-5.2,0,3.664
11/22/2010,0,-7,0,4.403
11/23/2010,0,-5,0,3.568
11/24/2010,0,-2.4,0.1,3.284
11/25/2010,8.9,1.5,0.3,3.367
11/26/2010,8,2.1,0.3,5.403
11/27/2010,5.5,4.7,0.5,6.212
11/28/2010,8.5,2.1,0.3,9.953
11/29/2010,15.2,2.8,0.4,9.087
11/30/2010,3.6,0.1,0.2,20.232
12/1/2010,0,-1.1,0.2,17.278
12/2/2010,0.2,-1.8,0.1,14.339
12/3/2010,0.2,-1.2,0.2,12.471
12/4/2010,2.4,-2.8,0.1,8.152
12/5/2010,4.8,-1,0.2,7.122
12/6/2010,2,-0.7,0.2,7.098
12/7/2010,0,-2.1,0.1,7.78
12/8/2010,0,-1,0.2,6.651
12/9/2010,1,1.7,0.3,7.333
12/10/2010,14.7,5.7,0.4,5.984
12/11/2010,2,5.7,0.5,16.461
12/12/2010,3.7,8.2,0.6,14.054
12/13/2010,0.3,8,0.6,14.189
12/14/2010,0,4.4,0.4,14.975
12/15/2010,0,4.7,0.4,14.326
12/16/2010,0.3,4.1,0.4,12.753
12/17/2010,0,4.2,0.4,13.24
12/18/2010,0.3,5.1,0.4,9.28
12/19/2010,2.3,4.7,0.4,8.322
12/20/2010,6.8,0.7,0.2,6.618
12/21/2010,0,-1.3,0.2,12.198
12/22/2010,0,-3.9,0.1,6.415
12/23/2010,1.1,-1.7,0.1,6.375
12/24/2010,3.7,0.7,0.2,6.862
12/25/2010,0.4,0.9,0.2,8.201
12/26/2010,0.5,5.6,0.4,5.042
12/27/2010,0.2,8.1,0.5,4.241
12/28/2010,0.4,7.6,0.5,6.613
12/29/2010,0,6.8,0.5,4.924
12/30/2010,0,7.6,0.5,6.639
12/31/2010,0,7.4,0.5,4.794
1/1/2011,0,7,0.5,7.014
1/2/2011,5,6.2,0.5,4.549
1/3/2011,5.2,7.2,0.5,2.717
1/4/2011,0.6,9.5,0.6,5.421
1/5/2011,0,9,0.6,4.539
1/6/2011,0,8.1,0.5,4.938
1/7/2011,0.1,8.3,0.6,3.628
1/8/2011,9.7,6,0.5,4.174
1/9/2011,1.7,2.2,0.3,4.64
1/10/2011,15.1,-1.6,0.2,3.558
1/11/2011,7.8,-2.6,0.1,4.591
1/12/2011,4.8,-4.3,0,4.266
1/13/2011,8.1,1.1,0.3,5.734
1/14/2011,2,3.1,0.4,11.605
1/15/2011,0,2.4,0.4,16.282
1/16/2011,0.8,6.1,0.5,10.884
1/17/2011,13.9,6.5,0.6,15.16
1/18/2011,0.7,3.3,0.4,25.195
1/19/2011,0,1.8,0.3,23.316
1/20/2011,0,4.7,0.5,17.002
1/21/2011,0,5.4,0.5,17.252
1/22/2011,0,3.5,0.4,13.165
1/23/2011,0,3,0.4,10.312
1/24/2011,0,3.7,0.5,8.594
1/25/2011,0.1,6.3,0.6,9.606
1/26/2011,18,6,0.6,9.406
1/27/2011,11.3,2.1,0.4,16.147
1/28/2011,14.2,5.6,0.6,18.432
1/29/2011,0.1,1.9,0.4,26.522
1/30/2011,0,-4.3,0.1,23.115
1/31/2011,0,-5.2,0,20.679
2/1/2011,0,-3,0.1,19.127
2/2/2011,1.1,0.5,0.3,11.907
2/3/2011,0,1.1,0.4,11.689
2/4/2011,2.6,3.1,0.5,12.249
2/5/2011,2.1,4.3,0.5,11.309
2/6/2011,5.6,2.9,0.5,8.534
2/7/2011,6.9,1.6,0.4,11.87
2/8/2011,25.4,-0.5,0.3,11.842
2/9/2011,12.8,0.2,0.3,32.545
2/10/2011,3.8,-3.2,0.1,29.892
2/11/2011,1.3,-2.8,0.1,24.589
2/12/2011,0.1,-5.6,0,21.865
2/13/2011,0,-6.7,0,15.269
2/14/2011,0.5,-4.1,0.1,15.456
2/15/2011,4.7,-1.4,0.3,11.282
2/16/2011,4.4,2.2,0.5,14.845
2/17/2011,4.9,2.2,0.5,12.882
2/18/2011,12.4,5.5,0.7,17.905
2/19/2011,20.3,6.1,0.8,26.907
2/20/2011,22.8,7.9,0.9,48.11
2/21/2011,8.7,8.1,1,59.889
2/22/2011,2.8,3,0.6,59.103
2/23/2011,2.6,1.1,0.5,46.554
2/24/2011,8.4,3.3,0.7,37.671
2/25/2011,0,3.4,0.7,33.897
2/26/2011,0,3.5,0.7,27.078
2/27/2011,5.9,7,1,22.984
2/28/2011,0.7,4.2,0.8,22.842
3/1/2011,0.4,5.6,0.9,16.317
3/2/2011,0.4,9.1,1.2,13.334
3/3/2011,13.7,7.5,1.1,11.32
3/4/2011,1.3,4.4,0.8,15.547
3/5/2011,5.5,2.2,0.6,13.902
3/6/2011,5.5,0.1,0.5,13.151
3/7/2011,0.6,0.5,0.5,12.495
3/8/2011,0.1,5.8,1,11.755
3/9/2011,0,10,1.4,10.987
3/10/2011,0,9.2,1.3,10.773
3/11/2011,0,10.1,1.4,8.776
3/12/2011,0,12.2,1.7,9.146
3/13/2011,0,11.5,1.6,7.526
3/14/2011,0,11.2,1.6,7.527
3/15/2011,0,9.8,1.5,6.909
3/16/2011,0,8,1.3,6.64
3/17/2011,0,6.6,1.2,5.842
3/18/2011,1,6.4,1.2,5.835
3/19/2011,0,4.6,1,5.468
3/20/2011,0,3.6,0.9,4.958
3/21/2011,7.1,4.6,1,4.864
3/22/2011,6.9,3.4,0.9,6.438
3/23/2011,0.9,4.5,1,6.203
3/24/2011,0,8.4,1.5,4.96
3/25/2011,2.3,9.2,1.6,4.656
3/26/2011,9.3,5.7,1.2,5.214
3/27/2011,1.7,3.6,1,6.449
3/28/2011,1.2,3.7,1,5.632
3/29/2011,0,5.1,1.2,5.423
3/30/2011,0,6.9,1.4,5.176
3/31/2011,0,8.9,1.7,4.351
4/1/2011,0.5,12.8,2.1,4.296
4/2/2011,1.6,10.1,1.8,4.277
4/3/2011,8.2,9.8,1.8,4.329
4/4/2011,0.1,11.2,2,5.363
4/5/2011,0,9.9,1.9,5.074
4/6/2011,13.9,13.1,2.3,5.238
4/7/2011,11.7,7.9,1.6,6.969
4/8/2011,0.7,6.7,1.5,8.783
4/9/2011,0,7.9,1.7,7.807
4/10/2011,3.6,8.7,1.8,6.835
4/11/2011,1.6,6,1.4,7.52
4/12/2011,11.9,6.7,1.5,7.16
4/13/2011,7.3,5.1,1.4,9.67
4/14/2011,2.8,6.4,1.5,8.465
4/15/2011,1.5,3.8,1.2,7.494
4/16/2011,0.2,4.3,1.3,7.06
4/17/2011,3.9,5.8,1.5,6.973
4/18/2011,3.5,4.1,1.3,6.094
4/19/2011,3.1,5.8,1.5,6.809
4/20/2011,6.7,9.9,2.1,6.934
4/21/2011,2.2,9.1,2,7.272
4/22/2011,1.8,9.5,2.1,7.101
4/23/2011,3,8,1.9,5.936
4/24/2011,0.7,6.9,1.7,6.286
4/25/2011,0.3,9.8,2.2,5.448
4/26/2011,6.7,8.1,1.9,6.009
4/27/2011,3,10.5,2.3,6.304
4/28/2011,0,11,2.4,5.664
4/29/2011,0.7,13.9,2.8,5.106
4/30/2011,0,13.5,2.8,4.721
5/1/2011,0.3,14.8,3,4.622
5/2/2011,1.2,14.5,3,4.072
5/3/2011,5.5,14.7,3,3.487
5/4/2011,5.1,14,2.9,4.679
5/5/2011,4.7,13.8,2.9,5.263
5/6/2011,0.2,14.9,3.1,4.774
5/7/2011,9.8,15.2,3.2,4.64
5/8/2011,0.3,11.9,2.6,6.441
5/9/2011,0,13.9,3,4.481
5/10/2011,1,15.8,3.3,4.133
5/11/2011,3.7,16.6,3.4,3.986
5/12/2011,4.6,16,3.4,4.632
5/13/2011,4.4,15.4,3.3,4.756
5/14/2011,5.2,11.6,2.7,5.759
5/15/2011,0.4,12.2,2.8,4.88
5/16/2011,1.7,12.2,2.8,4.673
5/17/2011,33.4,9.4,2.3,5.565
5/18/2011,1.1,13.2,3,12.998
5/19/2011,1.8,12.2,2.8,9.132
5/20/2011,25.6,10.6,2.6,8.253
5/21/2011,7.1,11.1,2.7,21.961
5/22/2011,2.5,11.8,2.8,19.855
5/23/2011,0,12.2,2.9,18.534
5/24/2011,0,15.1,3.4,15.83
5/25/2011,0,15.3,3.4,13.48
5/26/2011,0,17.5,3.8,11.134
5/27/2011,0,19.8,4.2,9.467
5/28/2011,0,20.1,4.2,7.979
5/29/2011,0,21.5,4.5,6.665
5/30/2011,0,21.6,4.5,5.851
5/31/2011,0.1,19.4,4.2,5.339
6/1/2011,2.6,21.1,4.5,4.555
6/2/2011,7.2,17.2,3.8,5.176
6/3/2011,1.5,15.7,3.5,4.828
6/4/2011,1.8,14.2,3.3,3.876
6/5/2011,11.3,10.2,2.6,4.487
6/6/2011,0.4,11.9,2.9,5.047
6/7/2011,1.3,12.6,3,3.963
6/8/2011,0,11.3,2.8,3.327
6/9/2011,0,12.9,3.1,2.785
6/10/2011,0.1,14,3.3,2.226
6/11/2011,0,14.3,3.3,2.462
6/12/2011,0,16,3.6,2.136
6/13/2011,0,14.9,3.5,2.659
6/14/2011,5.7,12.2,3,1.822
6/15/2011,0,16.5,3.7,3.173
6/16/2011,0,17.7,4,1.836
6/17/2011,0,18.7,4.1,1.857
6/18/2011,0,16.1,3.7,1.515
6/19/2011,0.1,15,3.5,1.421
6/20/2011,4.6,15.2,3.5,1.399
6/21/2011,0.1,11.5,2.9,1.41
6/22/2011,0,11.7,2.9,1.664
6/23/2011,0,14,3.3,1.521
6/24/2011,0,17.1,3.9,1.2
6/25/2011,0.2,21.1,4.6,1.151
6/26/2011,7.3,18.3,4,1.09
6/27/2011,13.6,14.7,3.4,1.426
6/28/2011,0,14.3,3.3,2.14
6/29/2011,0.6,16.4,3.7,1.535
6/30/2011,0,16.9,3.8,1.281
7/1/2011,0,19.6,4.3,1.222
7/2/2011,0.3,22.4,4.8,1.196
7/3/2011,0.7,22.4,4.7,1.078
7/4/2011,2.4,23.2,4.9,0.804
7/5/2011,12.2,16.6,3.7,0.661
7/6/2011,5.7,15.3,3.5,1.981
7/7/2011,2.1,16.5,3.7,1.423
7/8/2011,0.1,17.8,3.9,1.126
7/9/2011,0,18,3.9,0.937
7/10/2011,5.1,17,3.8,1.106
7/11/2011,11,17.8,3.9,1.866
7/12/2011,1.9,19.8,4.2,2.906
7/13/2011,15.2,20.4,4.3,1.638
7/14/2011,1,17.5,3.8,3.359
7/15/2011,0.1,16.1,3.6,1.692
7/16/2011,0,18.1,3.9,1.348
7/17/2011,0,20.4,4.3,1.161
7/18/2011,6.5,21.5,4.4,1.235
7/19/2011,2.1,18.6,3.9,1.564
7/20/2011,0,21,4.3,1.56
7/21/2011,0,18.9,4,1.312
7/22/2011,0,14.1,3.2,1.074
7/23/2011,0,12.5,2.9,0.915
7/24/2011,0,15.1,3.3,0.751
7/25/2011,0,18.3,3.8,0.884
7/26/2011,0,20.7,4.2,0.647
7/27/2011,0.3,21.2,4.3,0.545
7/28/2011,0.9,19.3,3.9,0.559
7/29/2011,0.4,20.4,4.1,0.742
7/30/2011,0,20.9,4.2,0.806
7/31/2011,0,20.7,4.1,0.507
8/1/2011,0.1,21.1,4.2,0.439
8/2/2011,14.4,20.8,4.1,0.51
8/3/2011,0.1,19.7,3.9,1.009
8/4/2011,11.3,21,4.1,0.981
8/5/2011,2.8,19.7,3.9,2.297
8/6/2011,29.4,18.7,3.7,1.781
8/7/2011,4.9,18.7,3.7,4.723
8/8/2011,2,19.8,3.8,1.773
8/9/2011,0,20.6,3.9,1.645
8/10/2011,5.3,17.3,3.4,1.012
8/11/2011,0,15.7,3.1,1.093
8/12/2011,2.2,14.8,3,1.442
8/13/2011,0,15.2,3,1.028
8/14/2011,2.7,17.3,3.3,0.851
8/15/2011,0.3,16.3,3.1,0.948
8/16/2011,4.6,15.3,3,0.849
8/17/2011,0,16,3.1,0.981
8/18/2011,2,16.6,3.1,0.974
8/19/2011,0.9,15.3,2.9,0.916
8/20/2011,0,15.8,3,0.791
8/21/2011,0,15.7,2.9,0.741
8/22/2011,0,16.6,3,0.581
8/23/2011,0.1,18,3.2,0.53
8/24/2011,0.5,21.6,3.7,0.536
8/25/2011,4.9,23.4,3.9,0.486
8/26/2011,0.6,19.8,3.4,0.442
8/27/2011,1.9,19.6,3.3,0.777
8/28/2011,0,18.9,3.2,0.588
8/29/2011,0,17.5,3,0.635
8/30/2011,0,16.5,2.9,0.632
8/31/2011,0,17.1,2.9,0.571
9/1/2011,0,17.7,3,0.369
9/2/2011,0,17.6,2.9,0.318
9/3/2011,0,15.1,2.6,0.31
9/4/2011,0,16.6,2.8,0.306
9/5/2011,5,18.4,3,0.286
9/6/2011,27.1,17.1,2.8,0.687
9/7/2011,0.3,17.1,2.8,2.075
9/8/2011,0.1,17.1,2.7,0.973
9/9/2011,0,18,2.8,0.601
9/10/2011,0,18.7,2.9,0.511
9/11/2011,0,20.2,3,0.422
9/12/2011,0.1,19.9,3,0.541
9/13/2011,0,19.5,2.9,0.498
9/14/2011,11.4,16.1,2.5,0.4
9/15/2011,0.8,12.4,2,0.801
9/16/2011,0,13.7,2.1,0.754
9/17/2011,2.3,12.1,1.9,0.723
9/18/2011,0,14,2.1,0.593
9/19/2011,22.8,14.5,2.2,0.545
9/20/2011,0.2,13,1.9,1.764
9/21/2011,1,14.8,2.2,1.121
9/22/2011,0.3,18.1,2.5,0.98
9/23/2011,2,18.3,2.5,0.862
9/24/2011,29.7,17.5,2.4,0.911
9/25/2011,3.5,15.7,2.2,3.886
9/26/2011,0.2,13.9,1.9,2.322
9/27/2011,8.6,13.8,1.9,1.391
9/28/2011,7.5,13.2,1.8,1.586
9/29/2011,4.8,16.5,2.1,1.705
9/30/2011,10.2,13.8,1.8,1.862
10/1/2011,1.3,12.7,1.7,3.143
10/2/2011,17.8,13.8,1.8,2.731
10/3/2011,4.9,9.7,1.4,5.306
10/4/2011,5,7.7,1.2,5.759
10/5/2011,0.2,5.2,0.9,4.525
10/6/2011,0,6,1,3.887
10/7/2011,0.1,6.1,1,3.092
10/8/2011,0.1,8.1,1.1,2.818
10/9/2011,0,10.3,1.3,1.673
10/10/2011,0.1,8.6,1.2,1.667
10/11/2011,0.2,8.1,1.1,2.069
10/12/2011,0.2,9.7,1.2,2.561
10/13/2011,6.3,11.1,1.3,1.943
10/14/2011,0.1,12.8,1.5,1.586
10/15/2011,0.1,11.1,1.3,1.476
10/16/2011,0.1,9,1.1,1.464
10/17/2011,0,10.4,1.2,1.432
10/18/2011,3.3,8.5,1.1,1.416
10/19/2011,4.8,9.2,1.1,2.099
10/20/2011,12.2,10.7,1.2,2.647
10/21/2011,0.2,10.7,1.2,1.937
10/22/2011,16.1,11.1,1.2,2.963
10/23/2011,0.4,11.4,1.2,3.014
10/24/2011,10.4,11.4,1.2,2.124
10/25/2011,0.8,11.1,1.1,3.288
10/26/2011,0,10,1,4.107
10/27/2011,0,10.2,1.1,2.712
10/28/2011,0,14.1,1.3,2.535
10/29/2011,0,13.6,1.2,2.269
10/30/2011,3.3,15.7,1.3,1.993
10/31/2011,0,9.2,0.9,1.816
11/1/2011,1,12.4,1.1,1.878
11/2/2011,13.5,12.1,1.1,2.013
11/3/2011,0,6.3,0.7,3.532
11/4/2011,0,4.2,0.6,3.432
11/5/2011,12.3,9.2,0.9,3.102
11/6/2011,5.3,5.9,0.7,4.045
11/7/2011,0,4,0.5,4.576
11/8/2011,0.4,5.1,0.6,3.794
11/9/2011,3.1,6.8,0.7,3.711
11/10/2011,5,4.9,0.5,3.743
11/11/2011,4.5,3,0.4,3.847
11/12/2011,0.9,3.2,0.5,4.269
11/13/2011,0.2,3.4,0.4,3.572
11/14/2011,0.5,0.8,0.3,2.82
11/15/2011,0,2.1,0.4,3.214
11/16/2011,3.6,-0.6,0.2,3.473
11/17/2011,7.8,0.5,0.3,3.541
11/18/2011,27.3,0.5,0.3,6.736
11/19/2011,8.8,-0.4,0.2,9.785
11/20/2011,1.2,-2.6,0.1,8.958
11/21/2011,0,-4,0.1,6.825
11/22/2011,0.8,-4.2,0.1,6.544
11/23/2011,2.7,0.2,0.2,6.204
11/24/2011,0.1,2.2,0.3,5.162
11/25/2011,0,1.7,0.3,4.622
11/26/2011,0,1.7,0.3,4.45
11/27/2011,0,4,0.4,4.935
11/28/2011,0,4.3,0.4,4.559
11/29/2011,0,4.6,0.4,5.187
11/30/2011,0,2.7,0.3,4.554
12/1/2011,1.4,3.1,0.4,4.937
12/2/2011,0.9,5.5,0.5,4.314
12/3/2011,0,4.7,0.4,6.342
12/4/2011,6.9,5.3,0.5,5.749
12/5/2011,0.1,1.1,0.3,4.408
12/6/2011,0,0.2,0.2,7.756
12/7/2011,0.4,4.8,0.4,5.138
12/8/2011,0.8,6.5,0.5,6.523
12/9/2011,8.4,5.7,0.5,5.262
12/10/2011,8.7,3.2,0.4,8.475
12/11/2011,3.3,7.8,0.6,7.305
12/12/2011,2.5,7,0.5,5.765
12/13/2011,3.7,4.4,0.4,9.178
12/14/2011,6.9,3.5,0.4,8.962
12/15/2011,4.1,-1.3,0.2,11.239
12/16/2011,0.2,-4.1,0.1,9.482
12/17/2011,4.7,-2.4,0.1,9.613
12/18/2011,11.8,6.6,0.5,9.637
12/19/2011,3.2,5.3,0.4,13.634
12/20/2011,0.1,-3.1,0.1,15.099
12/21/2011,0,-3.7,0.1,13.324
12/22/2011,0,-0.1,0.2,11.769
12/23/2011,1.9,3.3,0.3,12.33
12/24/2011,1.2,6.1,0.5,9.346
12/25/2011,6.2,8.1,0.5,7.937
12/26/2011,13.8,8.3,0.6,8.701
12/27/2011,15.3,4,0.4,17.653
12/28/2011,4.8,1.1,0.3,20.676
12/29/2011,2.7,0.2,0.2,20.763
12/30/2011,2.5,0.1,0.2,17.192
12/31/2011,5.7,2.2,0.3,15.894
1/1/2012,4,4.2,0.4,15.492
1/2/2012,0,4,0.4,16.673
1/3/2012,0.7,1.7,0.3,17.18
1/4/2012,0.2,4.6,0.4,14.748
1/5/2012,0,5.7,0.5,12.477
1/6/2012,0.2,4,0.4,13.224
1/7/2012,0.3,3.3,0.4,11.391
1/8/2012,4.4,3.2,0.4,7.422
1/9/2012,6.2,3.4,0.4,10.02
1/10/2012,0.1,0.5,0.2,9.973
1/11/2012,0,0.1,0.2,8.803
1/12/2012,0,-0.7,0.2,8.152
1/13/2012,0,-1,0.2,8.261
1/14/2012,0,0.4,0.2,6.005
1/15/2012,0,-0.6,0.2,5.708
1/16/2012,0,-3.2,0.1,5.115
1/17/2012,0.4,-1.3,0.2,5.009
1/18/2012,1.2,1.4,0.3,5.085
1/19/2012,0,0.8,0.3,5.693
1/20/2012,0,-1,0.2,4.825
1/21/2012,0,-0.1,0.2,4.606
1/22/2012,6.2,0.3,0.3,4.205
1/23/2012,4.7,-0.2,0.3,3.63
1/24/2012,1.4,-2.9,0.1,4.674
1/25/2012,0,-8.5,0,4.96
1/26/2012,0,-6.1,0,4.666
1/27/2012,0,-1.2,0.2,4.325
1/28/2012,0,1.8,0.4,4.085
1/29/2012,3.5,5.5,0.5,3.924
1/30/2012,1,8,0.7,5.565
1/31/2012,0,5,0.6,4.949
2/1/2012,2.4,7.9,0.7,4.688
2/2/2012,18.9,7.8,0.8,5.899
2/3/2012,0,1.7,0.4,10.662
2/4/2012,0,1.8,0.4,8.444
2/5/2012,0,6.5,0.7,8.78
2/6/2012,1.9,8.3,0.8,6.934
2/7/2012,6.1,7.6,0.8,8.888
2/8/2012,3.7,9.4,0.9,8.102
2/9/2012,0.4,4.4,0.6,9.148
2/10/2012,7.2,5.4,0.7,6.73
2/11/2012,0.4,2.2,0.5,8.024
2/12/2012,2.3,1.1,0.4,6.842
2/13/2012,4.4,4.2,0.6,5.995
2/14/2012,4.7,6.1,0.8,5.721
2/15/2012,4.9,7.7,0.9,6.323
2/16/2012,2.5,3.8,0.6,9.618
2/17/2012,7.3,1.7,0.5,8.404
2/18/2012,11.9,6,0.8,12.15
2/19/2012,6.1,4.3,0.7,16.382
2/20/2012,0.1,0.3,0.4,15.194
2/21/2012,0,-0.4,0.3,15.258
2/22/2012,0,-0.3,0.3,14.103
2/23/2012,0,1.9,0.5,11.987
2/24/2012,0.8,6.3,0.9,10.69
2/25/2012,0,7.8,1,11.808
2/26/2012,0,7.3,1,6.56
2/27/2012,0.3,8.5,1.1,7.813
2/28/2012,9,9.6,1.2,6.842
2/29/2012,16.2,6.7,1,13.238
3/1/2012,12.1,4.7,0.8,16.004
3/2/2012,0.1,2.3,0.6,18.535
3/3/2012,7.7,4.6,0.8,16.294
3/4/2012,0,3.6,0.7,16.755
3/5/2012,0,-0.2,0.4,14.385
3/6/2012,0,1.6,0.6,12.701
3/7/2012,0,4.9,0.9,11.774
3/8/2012,0,6.1,1,10.251
3/9/2012,0,8.8,1.3,9.617
3/10/2012,0,8,1.2,9.236
3/11/2012,0,7.9,1.2,7.334
3/12/2012,0,6.8,1.1,7.309
3/13/2012,0,5.5,1,6.686
3/14/2012,0.5,8.2,1.3,6.215
3/15/2012,0,4.8,1,5.83
3/16/2012,0,4,0.9,5.464
3/17/2012,0,7.2,1.3,5.307
3/18/2012,0,5.2,1.1,4.667
3/19/2012,0,3.9,0.9,4.838
3/20/2012,0,4.3,1,4.125
3/21/2012,0,6.6,1.3,4.853
3/22/2012,0,9.1,1.5,3.98
3/23/2012,1.9,9.7,1.6,4.059
3/24/2012,1.1,7.9,1.4,3.534
3/25/2012,8.1,6.4,1.3,4.04
3/26/2012,4.3,4.6,1.1,4.835
3/27/2012,8,2.8,0.9,4.649
3/28/2012,4.8,2.7,0.9,4.722
3/29/2012,7.3,1.7,0.8,6.086
3/30/2012,0.8,3.5,1,5.367
3/31/2012,1.8,4.4,1.1,5.562
4/1/2012,0.5,4.9,1.2,4.465
4/2/2012,0,7.9,1.6,4.926
4/3/2012,11.9,9,1.7,4.481
4/4/2012,12.6,7.4,1.5,6.582
4/5/2012,3.3,4,1.1,9.143
4/6/2012,0.5,2.8,1,8.512
4/7/2012,0,4,1.1,8.22
4/8/2012,0,7.9,1.7,7.531
4/9/2012,0.4,7.2,1.6,6.821
4/10/2012,1.4,8.5,1.8,7.34
4/11/2012,6.6,8.6,1.8,6.334
4/12/2012,1.6,5.9,1.4,7.051
4/13/2012,0.1,7.4,1.6,6.422
4/14/2012,4.3,10.8,2.1,5.531
4/15/2012,0.5,7.9,1.8,5.493
4/16/2012,13.8,7.9,1.8,5.18
4/17/2012,0.2,7.9,1.8,7.861
4/18/2012,1.2,9.2,2,5.78
4/19/2012,0.1,9.1,2,5.23
4/20/2012,0.1,11.4,2.3,4.415
4/21/2012,0.9,13.8,2.7,4.572
4/22/2012,3.9,15.6,2.9,4.424
4/23/2012,14.9,8.4,1.9,3.97
4/24/2012,0,8.7,2,8.046
4/25/2012,0,12.9,2.6,5.988
4/26/2012,0,13.7,2.7,4.887
4/27/2012,4.4,11.4,2.4,4.575
4/28/2012,1.5,8,1.9,4.733
4/29/2012,0,9,2.1,5.313
4/30/2012,0.2,12.7,2.7,3.926
5/1/2012,0.3,14.6,3,4.198
5/2/2012,6.1,15.2,3.1,3.958
5/3/2012,3.4,14,2.9,3.796
5/4/2012,0,16.7,3.4,4.127
5/5/2012,10.7,15.3,3.2,3.583
5/6/2012,2.8,13.2,2.8,4.503
5/7/2012,4.9,14.7,3.1,3.932
5/8/2012,2.3,15.1,3.1,4.195
5/9/2012,17.8,14.4,3.1,4.498
5/10/2012,2.2,14.9,3.1,8.941
5/11/2012,0.1,15.6,3.3,5.645
5/12/2012,0.4,15.5,3.3,4.659
5/13/2012,2.3,14.4,3.1,4.002
5/14/2012,0,16.1,3.4,3.751
5/15/2012,0.6,19.1,3.9,3.046
5/16/2012,0.7,20.7,4.2,2.875
5/17/2012,7,13.2,3,2.809
5/18/2012,3.9,10.4,2.5,3.253
5/19/2012,0.6,9.2,2.3,2.776
5/20/2012,0.1,10.5,2.6,2.423
5/21/2012,2.2,11.2,2.7,2.101
5/22/2012,0,9.7,2.5,2.616
5/23/2012,0,12,2.8,2.23
5/24/2012,0.1,16.4,3.6,2.396
5/25/2012,1.1,15.1,3.4,2.089
5/26/2012,14.2,16.1,3.5,1.929
5/27/2012,0.1,12.2,2.9,1.79
5/28/2012,4.8,12.7,3,1.969
5/29/2012,0.5,11.4,2.8,2.644
5/30/2012,5.2,14.3,3.3,2.19
5/31/2012,1.5,14.2,3.3,1.88
6/1/2012,0,18.3,4,2.26
6/2/2012,0,21.4,4.5,2.268
6/3/2012,13,20.2,4.3,1.604
6/4/2012,8.4,18.7,4.1,3.693
6/5/2012,2.2,15.2,3.5,6.404
6/6/2012,0.1,11.7,2.9,3.307
6/7/2012,0,13.3,3.2,3.26
6/8/2012,0,18.7,4.1,2.745
6/9/2012,0,21.3,4.6,2.143
6/10/2012,58.2,14.6,3.4,2.03
6/11/2012,4.2,10.7,2.7,21.155
6/12/2012,0,15.5,3.6,13.904
6/13/2012,0,17.2,3.9,8.307
6/14/2012,0,19.3,4.2,6.545
6/15/2012,0,19.6,4.3,6.149
6/16/2012,0,18.1,4,4.962
6/17/2012,0,17.6,4,4.43
6/18/2012,0,21,4.5,4.131
6/19/2012,0,22.5,4.8,3.456
6/20/2012,0,22.2,4.7,3.007
6/21/2012,0.4,21.1,4.5,2.704
6/22/2012,2.5,15.1,3.5,2.509
6/23/2012,0,14.1,3.3,2.668
6/24/2012,0.2,12.7,3.1,2.3
6/25/2012,0,12.2,3,2.138
6/26/2012,0,14.2,3.4,2.017
6/27/2012,0,17.1,3.9,1.948
6/28/2012,0.6,18,4,1.871
6/29/2012,0,17.2,3.8,1.878
6/30/2012,0,18.6,4.1,1.702
7/1/2012,2.5,20.7,4.5,1.641
7/2/2012,27.6,23,4.9,1.475
7/3/2012,16,18.3,4,4.092
7/4/2012,1.1,16.5,3.7,3.637
7/5/2012,0,17.2,3.8,2.64
7/6/2012,4.1,20.4,4.4,2.103
7/7/2012,5.2,18,4,1.854
7/8/2012,1.6,12.8,3.1,1.892
7/9/2012,7.4,13.7,3.2,2.026
7/10/2012,5.2,14.3,3.3,2.602
7/11/2012,13.4,9.7,2.5,3.084
7/12/2012,1.4,10.6,2.7,4.299
7/13/2012,8.6,13.3,3.1,3.632
7/14/2012,12.6,12.8,3,6.054
7/15/2012,3.7,11.1,2.7,7.918
7/16/2012,0.5,10.9,2.7,5.372
7/17/2012,0,13.4,3.1,5.73
7/18/2012,0,15.7,3.5,4.67
7/19/2012,0,16,3.5,3.179
7/20/2012,0,16.5,3.6,4.151
7/21/2012,0,17.8,3.8,3.352
7/22/2012,0,20.3,4.2,2.983
7/23/2012,9.6,21.3,4.3,2.716
7/24/2012,1.1,17.8,3.7,2.649
7/25/2012,9.2,16.4,3.5,3.367
7/26/2012,0.2,17.3,3.6,3.159
7/27/2012,2.6,17.6,3.7,3.256
7/28/2012,1.5,15.9,3.4,2.198
7/29/2012,0.3,15.6,3.3,3.136
7/30/2012,0,16.7,3.5,2.657
7/31/2012,0,18.8,3.8,2.336
8/1/2012,8.5,23.4,4.5,2.429
8/2/2012,1.5,17.1,3.5,2.676
8/3/2012,3.4,15.4,3.2,2.423
8/4/2012,0.6,14,3,2.355
8/5/2012,8.2,13.8,2.9,1.896
8/6/2012,0.1,16.1,3.3,2.751
8/7/2012,0.1,16.8,3.4,2.078
8/8/2012,0,17.9,3.6,1.733
8/9/2012,0,19.7,3.8,1.602
8/10/2012,0,21.4,4,1.494
8/11/2012,0,22.3,4.1,1.249
8/12/2012,8,19.7,3.7,1.263
8/13/2012,0,20.4,3.8,2.52
8/14/2012,0,21.4,3.9,1.655
8/15/2012,0,20.8,3.8,1.361
8/16/2012,0,21.1,3.8,1.364
8/17/2012,5.3,19,3.5,1.141
8/18/2012,0.8,19.9,3.6,1.316
8/19/2012,0.9,23.3,4.1,1.324
8/20/2012,9.2,22.6,3.9,1.216
8/21/2012,18.8,14.8,2.8,1.19
8/22/2012,0,14.2,2.7,2.836
8/23/2012,0,19,3.4,1.6
8/24/2012,0,21.3,3.6,1.278
8/25/2012,0,22.6,3.8,1.197
8/26/2012,7.5,18.8,3.3,1.024
8/27/2012,0.6,15.5,2.8,1.067
8/28/2012,0,14.7,2.7,1.151
8/29/2012,0,16,2.8,1.06
8/30/2012,30.9,15.4,2.7,0.874
8/31/2012,0.4,14.4,2.5,4.21
9/1/2012,0.3,15.4,2.6,1.794
9/2/2012,8.7,14.1,2.5,1.535
9/3/2012,5.3,12.4,2.2,2.151
9/4/2012,0.1,11.1,2.1,2.324
9/5/2012,0.1,11.5,2.1,1.742
9/6/2012,2.9,13.9,2.4,1.469
9/7/2012,1.1,15.1,2.5,1.373
9/8/2012,0,14.7,2.4,2.01
9/9/2012,0,16.2,2.6,1.416
9/10/2012,0,17.7,2.8,1.029
9/11/2012,0,18.6,2.8,1.011
9/12/2012,8.6,18,2.7,1.121
9/13/2012,0,17.4,2.6,1.192
9/14/2012,0.1,17.4,2.6,1.209
9/15/2012,0,19.7,2.8,0.724
9/16/2012,0,14.3,2.2,0.693
9/17/2012,0,12.1,2,0.715
9/18/2012,0,12.9,2,0.87
9/19/2012,11.2,13.2,2,0.993
9/20/2012,0.2,10,1.6,1.274
9/21/2012,0,12.3,1.9,1.284
9/22/2012,0,14.7,2.1,1.032
9/23/2012,0,14.5,2.1,0.897
9/24/2012,0.1,16.6,2.2,
9/25/2012,1,16,2.2,
9/26/2012,9.2,17.7,2.4,
9/27/2012,0.2,15.7,2.1,
9/28/2012,28.4,16.9,2.2,
9/29/2012,25.3,11.2,1.6,
9/30/2012,0.6,10.5,1.5,
10/1/2012,5.8,10.5,1.5,
10/2/2012,4.3,8.9,1.3,
10/3/2012,0,8.6,1.3,
10/4/2012,0.3,9.9,1.4,
10/5/2012,2.4,10,1.4,
10/6/2012,0.1,7.2,1.1,
10/7/2012,0,5.8,1,
10/8/2012,8.9,8.4,1.2,
10/9/2012,5.5,9.7,1.3,
10/10/2012,12.7,8.9,1.2,
10/11/2012,3.4,9.9,1.3,
10/12/2012,4.1,8.5,1.1,
10/13/2012,23,7.6,1.1,
10/14/2012,2.1,8.5,1.1,
10/15/2012,3.4,9.4,1.2,
10/16/2012,5.1,9.9,1.2,
10/17/2012,0.1,8.8,1.1,
10/18/2012,1.2,9.1,1.1,
10/19/2012,4,10.7,1.2,
10/20/2012,0,13.3,1.4,
10/21/2012,0,14.3,1.4,
10/22/2012,0,11.9,1.2,
10/23/2012,0.5,13.8,1.4,
10/24/2012,0.1,12.9,1.3,
10/25/2012,2,12.9,1.3,
10/26/2012,5.7,11.4,1.1,
10/27/2012,0.1,8.7,0.9,
10/28/2012,2.6,11,1.1,
10/29/2012,0.1,9.6,1,
10/30/2012,10.3,11.4,1.1,
10/31/2012,0.3,8.6,0.9,
11/1/2012,0.1,8.5,0.9,
11/2/2012,9.7,9.7,0.9,
11/3/2012,1,7,0.7,
11/4/2012,5.6,5.3,0.6,
11/5/2012,11.6,6.8,0.7,
11/6/2012,0.2,9.4,0.8,
11/7/2012,0.2,7,0.7,
11/8/2012,1.6,5.7,0.6,
11/9/2012,0.9,5.4,0.6,
11/10/2012,0.8,4,0.5,
11/11/2012,0,5.2,0.6,
11/12/2012,11.9,11.5,0.9,
11/13/2012,19,8.4,0.7,
11/14/2012,0.1,5.2,0.6,
11/15/2012,0,4,0.5,
11/16/2012,0.2,4,0.5,
11/17/2012,0.6,3.5,0.5,
11/18/2012,0.7,3.7,0.4,
11/19/2012,6.2,6.5,0.6,
11/20/2012,4.6,4.5,0.5,
11/21/2012,1.5,5.5,0.5,
11/22/2012,4.4,9.7,0.7,
11/23/2012,17.8,8.5,0.7,
11/24/2012,0,4.5,0.4,
11/25/2012,15.2,6.7,0.6,
11/26/2012,4.8,5.8,0.5,
11/27/2012,4,7,0.6,
11/28/2012,0,10,0.7,
11/29/2012,0.1,11.1,0.7,
11/30/2012,0,10.7,0.7,
12/1/2012,0.7,11.8,0.8,9.654
12/2/2012,4.7,9.2,0.6,7.851
12/3/2012,0,5.5,0.4,11.066
12/4/2012,0.9,5.2,0.4,7.156
12/5/2012,0.6,8.4,0.6,6.652
12/6/2012,0.2,9.7,0.6,6.625
12/7/2012,7.8,12.8,0.8,5.638
12/8/2012,0.7,9.7,0.6,5.856
12/9/2012,1.4,5.9,0.4,4.591
12/10/2012,0.7,7.8,0.5,4.239
12/11/2012,0,7,0.5,5.01
12/12/2012,0,10.2,0.6,4.45
12/13/2012,1,10,0.6,4.197
12/14/2012,4.7,7.6,0.5,3.628
12/15/2012,1.6,3.8,0.4,5.114
12/16/2012,1.6,3.2,0.3,3.737
12/17/2012,1.4,3.6,0.4,2.926
12/18/2012,0,6,0.5,3.873
12/19/2012,0,7,0.5,3.218
12/20/2012,0,5,0.4,3.482
12/21/2012,0,4.2,0.4,2.955
12/22/2012,0,2.9,0.3,3.566
12/23/2012,0,4.8,0.4,2.884
12/24/2012,0.5,6.7,0.5,2.415
12/25/2012,1.9,5.5,0.4,2.393
12/26/2012,0.6,4.6,0.4,2.538
12/27/2012,5.1,6.3,0.5,2.442
12/28/2012,0,1.6,0.3,2.983
12/29/2012,0.6,0.4,0.2,2.943
12/30/2012,0.2,-0.8,0.2,2.34
12/31/2012,0.2,-1.5,0.1,2.27
